AQI,PM2_5,PM10,NO2,Green_Cover,Traffic_Density,Industrial_Emission,Renewable_Energy,Air_Quality,City,Latitude,Longitude,Location
152,56,54,35,26,90,54,64,0,Mysuru,12.2958,76.6394,"12.2958,76.6394"
229,136,217,122,8,57,44,45,0,Hubballi,15.3647,75.124,"15.3647,75.124"
142,65,264,80,17,14,12,33,0,Kalaburagi,17.3297,76.8343,"17.3297,76.8343"
64,23,78,39,49,57,14,53,1,Bengaluru,12.9716,77.5946,"12.9716,77.5946"
156,37,180,144,46,12,99,26,0,Tumakuru,13.3409,77.101,"13.3409,77.101"
121,87,198,76,53,56,20,11,0,Mysuru,12.2958,76.6394,"12.2958,76.6394"
238,139,225,74,24,71,80,22,0,Ballari,15.1394,76.9214,"15.1394,76.9214"
70,118,31,45,58,23,65,40,0,Belagavi,15.8497,74.4977,"15.8497,74.4977"
152,163,295,34,40,72,19,37,0,Ballari,15.1394,76.9214,"15.1394,76.9214"
171,23,200,46,5,70,43,69,0,Ballari,15.1394,76.9214,"15.1394,76.9214"
260,196,261,10,19,40,76,36,0,Bengaluru,12.9716,77.5946,"12.9716,77.5946"
264,65,235,46,21,26,81,24,0,Shivamogga,13.9299,75.5681,"13.9299,75.5681"
124,124,270,145,28,33,40,88,0,Kalaburagi,17.3297,76.8343,"17.3297,76.8343"
252,16,145,142,62,32,84,42,0,Ballari,15.1394,76.9214,"15.1394,76.9214"
137,12,236,137,76,91,80,29,0,Hubballi,15.3647,75.124,"15.3647,75.124"
166,120,204,136,27,59,75,51,0,Belagavi,15.8497,74.4977,"15.8497,74.4977"
149,160,58,10,50,87,79,21,0,Shivamogga,13.9299,75.5681,"13.9299,75.5681"
153,116,242,44,76,88,50,82,0,Mysuru,12.2958,76.6394,"12.2958,76.6394"
201,27,203,113,12,88,72,32,0,Mangaluru,12.9141,74.856,"12.9141,74.856"
180,47,197,32,63,79,41,81,0,Shivamogga,13.9299,75.5681,"13.9299,75.5681"
199,124,170,18,63,36,29,23,0,Shivamogga,13.9299,75.5681,"13.9299,75.5681"
102,24,145,43,17,24,66,34,0,Belagavi,15.8497,74.4977,"15.8497,74.4977"
51,128,253,137,43,59,59,86,0,Davanagere,14.4644,75.9218,"14.4644,75.9218"
137,37,27,13,32,45,89,40,0,Tumakuru,13.3409,77.101,"13.3409,77.101"
285,48,148,111,65,17,34,63,0,Mysuru,12.2958,76.6394,"12.2958,76.6394"
207,194,283,84,20,88,21,14,0,Kalaburagi,17.3297,76.8343,"17.3297,76.8343"
87,26,176,108,6,12,80,22,0,Ballari,15.1394,76.9214,"15.1394,76.9214"
179,95,24,81,21,71,48,37,0,Kalaburagi,17.3297,76.8343,"17.3297,76.8343"
241,135,105,12,34,56,26,52,0,Kalaburagi,17.3297,76.8343,"17.3297,76.8343"
237,53,194,43,17,86,54,56,0,Mysuru,12.2958,76.6394,"12.2958,76.6394"
70,34,212,54,17,97,20,80,0,Kalaburagi,17.3297,76.8343,"17.3297,76.8343"
210,154,138,70,47,70,79,47,0,Belagavi,15.8497,74.4977,"15.8497,74.4977"
253,22,237,92,25,41,32,76,0,Ballari,15.1394,76.9214,"15.1394,76.9214"
107,34,133,132,59,22,79,71,1,Shivamogga,13.9299,75.5681,"13.9299,75.5681"
71,77,164,111,44,10,47,48,0,Kalaburagi,17.3297,76.8343,"17.3297,76.8343"
285,147,45,25,19,43,11,46,0,Tumakuru,13.3409,77.101,"13.3409,77.101"
138,76,155,75,77,71,95,17,0,Bengaluru,12.9716,77.5946,"12.9716,77.5946"
98,118,251,128,56,88,93,61,0,Davanagere,14.4644,75.9218,"14.4644,75.9218"
268,155,95,133,78,87,98,42,0,Tumakuru,13.3409,77.101,"13.3409,77.101"
108,120,20,111,57,91,88,51,0,Kalaburagi,17.3297,76.8343,"17.3297,76.8343"
219,120,166,75,56,80,81,85,0,Mysuru,12.2958,76.6394,"12.2958,76.6394"
269,43,161,22,34,40,46,36,0,Belagavi,15.8497,74.4977,"15.8497,74.4977"
237,120,72,120,37,73,58,17,0,Shivamogga,13.9299,75.5681,"13.9299,75.5681"
257,17,88,43,61,34,61,32,0,Hubballi,15.3647,75.124,"15.3647,75.124"
64,177,109,48,56,47,42,73,0,Belagavi,15.8497,74.4977,"15.8497,74.4977"
239,122,239,145,13,23,31,29,0,Belagavi,15.8497,74.4977,"15.8497,74.4977"
239,92,211,129,58,17,14,25,0,Tumakuru,13.3409,77.101,"13.3409,77.101"
224,51,82,135,5,63,27,26,0,Mangaluru,12.9141,74.856,"12.9141,74.856"
239,178,92,64,48,11,47,89,0,Tumakuru,13.3409,77.101,"13.3409,77.101"
100,110,180,36,79,90,46,28,0,Shivamogga,13.9299,75.5681,"13.9299,75.5681"
157,15,188,127,13,87,73,17,0,Hubballi,15.3647,75.124,"15.3647,75.124"
104,189,108,62,36,98,19,47,0,Tumakuru,13.3409,77.101,"13.3409,77.101"
293,35,195,48,19,65,88,47,0,Belagavi,15.8497,74.4977,"15.8497,74.4977"
113,73,288,74,16,93,51,62,0,Hubballi,15.3647,75.124,"15.3647,75.124"
298,196,92,22,61,94,57,40,0,Tumakuru,13.3409,77.101,"13.3409,77.101"
180,193,264,30,12,70,53,53,0,Hubballi,15.3647,75.124,"15.3647,75.124"
278,68,96,62,76,31,91,69,0,Bengaluru,12.9716,77.5946,"12.9716,77.5946"
100,118,178,28,31,44,96,85,0,Belagavi,15.8497,74.4977,"15.8497,74.4977"
184,130,117,66,66,25,25,26,0,Belagavi,15.8497,74.4977,"15.8497,74.4977"
70,42,121,34,16,59,63,88,0,Tumakuru,13.3409,77.101,"13.3409,77.101"
122,190,151,40,69,52,44,82,0,Tumakuru,13.3409,77.101,"13.3409,77.101"
216,159,121,90,46,26,37,48,0,Davanagere,14.4644,75.9218,"14.4644,75.9218"
67,30,38,32,66,89,11,51,0,Mysuru,12.2958,76.6394,"12.2958,76.6394"
181,79,101,41,15,67,22,57,0,Belagavi,15.8497,74.4977,"15.8497,74.4977"
138,121,298,83,47,11,50,21,0,Kalaburagi,17.3297,76.8343,"17.3297,76.8343"
109,13,148,19,21,13,89,27,0,Ballari,15.1394,76.9214,"15.1394,76.9214"
63,103,108,63,36,94,68,88,0,Davanagere,14.4644,75.9218,"14.4644,75.9218"
291,84,232,61,44,48,78,15,0,Ballari,15.1394,76.9214,"15.1394,76.9214"
299,199,162,123,27,15,62,52,0,Tumakuru,13.3409,77.101,"13.3409,77.101"
58,71,84,23,60,90,54,44,0,Kalaburagi,17.3297,76.8343,"17.3297,76.8343"
139,103,95,119,10,98,29,63,0,Ballari,15.1394,76.9214,"15.1394,76.9214"
102,104,218,62,54,78,33,71,0,Tumakuru,13.3409,77.101,"13.3409,77.101"
179,161,162,88,41,78,70,78,0,Shivamogga,13.9299,75.5681,"13.9299,75.5681"
133,64,112,31,68,29,67,25,0,Kalaburagi,17.3297,76.8343,"17.3297,76.8343"
141,146,243,39,58,73,36,17,0,Tumakuru,13.3409,77.101,"13.3409,77.101"
160,140,121,13,76,25,35,40,0,Davanagere,14.4644,75.9218,"14.4644,75.9218"
237,40,286,68,53,60,16,19,0,Shivamogga,13.9299,75.5681,"13.9299,75.5681"
248,49,129,17,15,46,51,65,0,Belagavi,15.8497,74.4977,"15.8497,74.4977"
221,45,284,21,53,82,56,85,0,Tumakuru,13.3409,77.101,"13.3409,77.101"
57,161,22,128,25,78,62,79,0,Kalaburagi,17.3297,76.8343,"17.3297,76.8343"
224,15,104,43,70,51,68,29,0,Bengaluru,12.9716,77.5946,"12.9716,77.5946"
84,75,136,91,67,66,47,14,0,Belagavi,15.8497,74.4977,"15.8497,74.4977"
255,84,240,107,32,75,78,32,0,Davanagere,14.4644,75.9218,"14.4644,75.9218"
130,13,173,136,21,18,96,18,0,Bengaluru,12.9716,77.5946,"12.9716,77.5946"
213,88,172,84,10,95,62,67,0,Bengaluru,12.9716,77.5946,"12.9716,77.5946"
99,143,31,114,23,73,24,68,0,Bengaluru,12.9716,77.5946,"12.9716,77.5946"
153,127,152,58,60,95,35,89,0,Shivamogga,13.9299,75.5681,"13.9299,75.5681"
181,122,247,88,32,31,57,63,0,Bengaluru,12.9716,77.5946,"12.9716,77.5946"
51,103,290,102,70,43,28,55,0,Mangaluru,12.9141,74.856,"12.9141,74.856"
183,188,62,27,42,64,18,31,0,Bengaluru,12.9716,77.5946,"12.9716,77.5946"
103,71,40,105,41,38,73,73,0,Kalaburagi,17.3297,76.8343,"17.3297,76.8343"
155,194,126,47,72,47,63,17,0,Mangaluru,12.9141,74.856,"12.9141,74.856"
53,88,136,96,53,27,60,29,0,Shivamogga,13.9299,75.5681,"13.9299,75.5681"
103,145,143,97,47,80,48,60,0,Mangaluru,12.9141,74.856,"12.9141,74.856"
270,35,222,59,40,74,13,87,0,Belagavi,15.8497,74.4977,"15.8497,74.4977"
240,188,70,17,62,10,12,48,0,Bengaluru,12.9716,77.5946,"12.9716,77.5946"
195,182,290,143,17,97,73,46,0,Shivamogga,13.9299,75.5681,"13.9299,75.5681"
267,53,296,78,56,13,38,59,0,Hubballi,15.3647,75.124,"15.3647,75.124"
93,142,160,130,62,13,20,43,0,Mangaluru,12.9141,74.856,"12.9141,74.856"
211,79,294,73,36,91,67,84,0,Bengaluru,12.9716,77.5946,"12.9716,77.5946"
251,163,71,148,64,36,84,42,0,Shivamogga,13.9299,75.5681,"13.9299,75.5681"
239,127,46,130,62,52,36,40,0,Mysuru,12.2958,76.6394,"12.2958,76.6394"
277,77,176,74,60,68,30,63,0,Kalaburagi,17.3297,76.8343,"17.3297,76.8343"
63,28,258,116,32,41,48,53,1,Bengaluru,12.9716,77.5946,"12.9716,77.5946"
144,29,175,146,5,42,55,43,0,Mangaluru,12.9141,74.856,"12.9141,74.856"
97,122,155,109,46,37,75,80,0,Belagavi,15.8497,74.4977,"15.8497,74.4977"
64,149,163,91,52,64,45,71,0,Shivamogga,13.9299,75.5681,"13.9299,75.5681"
249,56,125,60,44,69,84,32,0,Kalaburagi,17.3297,76.8343,"17.3297,76.8343"
255,10,177,92,67,79,91,55,0,Belagavi,15.8497,74.4977,"15.8497,74.4977"
264,99,165,121,76,71,74,65,0,Bengaluru,12.9716,77.5946,"12.9716,77.5946"
298,151,21,65,8,89,72,16,0,Tumakuru,13.3409,77.101,"13.3409,77.101"
239,73,96,69,42,43,44,70,0,Mangaluru,12.9141,74.856,"12.9141,74.856"
89,47,151,129,31,96,40,12,0,Bengaluru,12.9716,77.5946,"12.9716,77.5946"
262,46,109,147,13,97,37,47,0,Bengaluru,12.9716,77.5946,"12.9716,77.5946"
257,135,282,32,20,65,10,43,0,Kalaburagi,17.3297,76.8343,"17.3297,76.8343"
286,148,127,22,60,22,34,53,0,Ballari,15.1394,76.9214,"15.1394,76.9214"
131,109,93,110,35,65,52,39,0,Mangaluru,12.9141,74.856,"12.9141,74.856"
160,86,58,33,18,27,93,26,0,Mangaluru,12.9141,74.856,"12.9141,74.856"
102,12,178,117,29,63,76,68,0,Belagavi,15.8497,74.4977,"15.8497,74.4977"
73,170,90,20,38,86,72,19,0,Davanagere,14.4644,75.9218,"14.4644,75.9218"
203,143,260,26,71,52,60,27,0,Kalaburagi,17.3297,76.8343,"17.3297,76.8343"
266,187,55,34,28,48,11,54,0,Tumakuru,13.3409,77.101,"13.3409,77.101"
237,19,103,103,77,70,91,68,0,Belagavi,15.8497,74.4977,"15.8497,74.4977"
173,14,282,30,30,51,73,71,0,Davanagere,14.4644,75.9218,"14.4644,75.9218"
286,160,191,93,24,90,83,68,0,Kalaburagi,17.3297,76.8343,"17.3297,76.8343"
90,147,192,149,68,88,78,58,0,Bengaluru,12.9716,77.5946,"12.9716,77.5946"
206,181,66,46,14,27,18,72,0,Mysuru,12.2958,76.6394,"12.2958,76.6394"
64,139,160,51,71,32,11,41,0,Kalaburagi,17.3297,76.8343,"17.3297,76.8343"
94,22,137,110,28,63,43,19,0,Shivamogga,13.9299,75.5681,"13.9299,75.5681"
114,177,296,57,9,39,69,20,0,Ballari,15.1394,76.9214,"15.1394,76.9214"
138,139,233,112,71,67,70,79,0,Belagavi,15.8497,74.4977,"15.8497,74.4977"
120,93,239,37,62,77,40,71,0,Kalaburagi,17.3297,76.8343,"17.3297,76.8343"
58,74,45,50,31,76,19,56,0,Ballari,15.1394,76.9214,"15.1394,76.9214"
137,72,28,108,19,80,85,43,0,Bengaluru,12.9716,77.5946,"12.9716,77.5946"
178,110,290,56,39,27,45,26,0,Tumakuru,13.3409,77.101,"13.3409,77.101"
285,82,29,114,57,16,94,63,0,Tumakuru,13.3409,77.101,"13.3409,77.101"
185,26,140,133,48,49,58,85,0,Shivamogga,13.9299,75.5681,"13.9299,75.5681"
265,18,144,22,30,79,79,49,0,Tumakuru,13.3409,77.101,"13.3409,77.101"
112,152,189,109,51,95,58,28,0,Kalaburagi,17.3297,76.8343,"17.3297,76.8343"
188,161,91,40,38,74,12,76,0,Kalaburagi,17.3297,76.8343,"17.3297,76.8343"
292,47,171,139,54,77,83,62,0,Bengaluru,12.9716,77.5946,"12.9716,77.5946"
130,172,227,25,16,58,14,73,0,Belagavi,15.8497,74.4977,"15.8497,74.4977"
185,103,68,146,8,61,99,56,0,Tumakuru,13.3409,77.101,"13.3409,77.101"
212,104,173,82,52,38,70,15,0,Davanagere,14.4644,75.9218,"14.4644,75.9218"
212,58,87,63,59,30,94,25,0,Tumakuru,13.3409,77.101,"13.3409,77.101"
82,78,69,109,5,99,99,81,0,Kalaburagi,17.3297,76.8343,"17.3297,76.8343"
172,71,171,118,70,87,35,27,0,Belagavi,15.8497,74.4977,"15.8497,74.4977"
54,197,38,96,34,18,81,61,0,Mangaluru,12.9141,74.856,"12.9141,74.856"
283,187,119,146,7,56,14,57,0,Mysuru,12.2958,76.6394,"12.2958,76.6394"
280,87,79,17,25,85,24,52,0,Kalaburagi,17.3297,76.8343,"17.3297,76.8343"
299,126,186,16,53,51,25,48,0,Davanagere,14.4644,75.9218,"14.4644,75.9218"
90,129,221,45,66,60,10,58,0,Davanagere,14.4644,75.9218,"14.4644,75.9218"
77,146,165,27,42,65,25,21,0,Ballari,15.1394,76.9214,"15.1394,76.9214"
184,171,183,12,19,60,46,19,0,Bengaluru,12.9716,77.5946,"12.9716,77.5946"
250,85,261,37,56,79,12,80,0,Hubballi,15.3647,75.124,"15.3647,75.124"
121,44,88,79,50,29,61,64,0,Shivamogga,13.9299,75.5681,"13.9299,75.5681"
61,10,194,37,29,97,56,10,0,Ballari,15.1394,76.9214,"15.1394,76.9214"
211,49,68,63,25,36,22,58,0,Ballari,15.1394,76.9214,"15.1394,76.9214"
82,73,127,74,9,47,89,45,0,Kalaburagi,17.3297,76.8343,"17.3297,76.8343"
97,159,245,109,74,81,64,30,0,Hubballi,15.3647,75.124,"15.3647,75.124"
296,69,180,30,51,74,30,46,0,Belagavi,15.8497,74.4977,"15.8497,74.4977"
200,73,138,22,72,63,75,33,0,Bengaluru,12.9716,77.5946,"12.9716,77.5946"
111,102,168,66,22,33,63,64,0,Tumakuru,13.3409,77.101,"13.3409,77.101"
265,81,169,58,25,56,36,34,0,Mysuru,12.2958,76.6394,"12.2958,76.6394"
86,20,162,127,27,80,47,16,0,Tumakuru,13.3409,77.101,"13.3409,77.101"
148,114,179,63,68,92,99,80,0,Ballari,15.1394,76.9214,"15.1394,76.9214"
221,23,30,147,71,95,67,80,0,Shivamogga,13.9299,75.5681,"13.9299,75.5681"
153,69,157,62,44,72,71,33,0,Davanagere,14.4644,75.9218,"14.4644,75.9218"
263,39,97,53,14,66,55,20,0,Belagavi,15.8497,74.4977,"15.8497,74.4977"
268,44,96,56,56,64,98,82,0,Kalaburagi,17.3297,76.8343,"17.3297,76.8343"
84,174,273,62,76,69,20,21,0,Hubballi,15.3647,75.124,"15.3647,75.124"
242,14,277,83,79,71,81,44,0,Shivamogga,13.9299,75.5681,"13.9299,75.5681"
276,92,282,55,65,39,17,72,0,Ballari,15.1394,76.9214,"15.1394,76.9214"
150,132,104,22,68,31,80,77,0,Ballari,15.1394,76.9214,"15.1394,76.9214"
224,87,165,111,9,84,73,66,0,Belagavi,15.8497,74.4977,"15.8497,74.4977"
255,163,61,33,57,93,30,22,0,Mangaluru,12.9141,74.856,"12.9141,74.856"
180,71,144,11,59,38,81,32,0,Mangaluru,12.9141,74.856,"12.9141,74.856"
50,141,186,90,41,50,72,48,0,Hubballi,15.3647,75.124,"15.3647,75.124"
54,98,260,109,60,51,94,89,0,Kalaburagi,17.3297,76.8343,"17.3297,76.8343"
267,51,299,147,63,74,73,21,0,Belagavi,15.8497,74.4977,"15.8497,74.4977"
296,98,207,140,73,40,29,43,0,Ballari,15.1394,76.9214,"15.1394,76.9214"
191,155,38,120,77,39,17,80,0,Bengaluru,12.9716,77.5946,"12.9716,77.5946"
152,49,87,111,63,27,67,84,0,Mysuru,12.2958,76.6394,"12.2958,76.6394"
76,81,237,26,6,26,55,40,0,Tumakuru,13.3409,77.101,"13.3409,77.101"
186,48,121,21,69,47,40,71,0,Davanagere,14.4644,75.9218,"14.4644,75.9218"
256,113,61,125,64,23,18,22,0,Tumakuru,13.3409,77.101,"13.3409,77.101"
64,23,186,33,55,96,24,40,0,Kalaburagi,17.3297,76.8343,"17.3297,76.8343"
139,41,128,38,34,98,35,11,0,Davanagere,14.4644,75.9218,"14.4644,75.9218"
91,188,55,131,15,88,19,24,0,Hubballi,15.3647,75.124,"15.3647,75.124"
173,134,251,99,43,65,38,66,0,Ballari,15.1394,76.9214,"15.1394,76.9214"
254,175,248,74,76,31,89,84,0,Mysuru,12.2958,76.6394,"12.2958,76.6394"
228,106,183,93,67,76,45,43,0,Hubballi,15.3647,75.124,"15.3647,75.124"
112,32,92,128,68,65,93,77,0,Mysuru,12.2958,76.6394,"12.2958,76.6394"
145,72,155,25,65,28,46,84,0,Mysuru,12.2958,76.6394,"12.2958,76.6394"
280,152,89,113,58,66,95,38,0,Tumakuru,13.3409,77.101,"13.3409,77.101"
290,162,215,101,77,53,80,75,0,Kalaburagi,17.3297,76.8343,"17.3297,76.8343"
101,154,288,36,62,44,32,25,0,Hubballi,15.3647,75.124,"15.3647,75.124"
145,62,68,143,60,10,50,48,0,Davanagere,14.4644,75.9218,"14.4644,75.9218"
181,113,149,144,38,61,89,86,0,Mysuru,12.2958,76.6394,"12.2958,76.6394"
271,113,24,42,35,94,37,46,0,Mysuru,12.2958,76.6394,"12.2958,76.6394"
278,188,46,64,56,79,57,30,0,Ballari,15.1394,76.9214,"15.1394,76.9214"
200,48,179,16,5,46,47,53,0,Mangaluru,12.9141,74.856,"12.9141,74.856"
280,188,168,66,59,74,40,28,0,Belagavi,15.8497,74.4977,"15.8497,74.4977"
286,143,283,135,26,60,23,80,0,Kalaburagi,17.3297,76.8343,"17.3297,76.8343"
192,76,249,21,44,10,82,17,0,Ballari,15.1394,76.9214,"15.1394,76.9214"
220,144,219,25,5,30,97,86,0,Shivamogga,13.9299,75.5681,"13.9299,75.5681"
78,188,69,52,69,62,86,75,0,Kalaburagi,17.3297,76.8343,"17.3297,76.8343"
85,51,86,126,67,25,99,50,1,Davanagere,14.4644,75.9218,"14.4644,75.9218"
62,24,77,144,58,70,38,84,0,Kalaburagi,17.3297,76.8343,"17.3297,76.8343"
209,120,278,120,46,63,60,79,0,Kalaburagi,17.3297,76.8343,"17.3297,76.8343"
120,166,149,60,25,49,58,70,0,Kalaburagi,17.3297,76.8343,"17.3297,76.8343"
236,42,234,84,26,35,52,35,0,Davanagere,14.4644,75.9218,"14.4644,75.9218"
292,164,191,17,42,89,81,80,0,Bengaluru,12.9716,77.5946,"12.9716,77.5946"
135,173,277,54,12,74,96,79,0,Tumakuru,13.3409,77.101,"13.3409,77.101"
77,166,121,68,66,83,14,38,0,Mangaluru,12.9141,74.856,"12.9141,74.856"
115,47,228,141,51,73,51,75,0,Belagavi,15.8497,74.4977,"15.8497,74.4977"
219,194,135,113,21,52,16,28,0,Mangaluru,12.9141,74.856,"12.9141,74.856"
94,106,283,107,21,26,51,77,0,Mysuru,12.2958,76.6394,"12.2958,76.6394"
111,164,169,88,17,68,45,67,0,Shivamogga,13.9299,75.5681,"13.9299,75.5681"
234,192,55,133,21,32,36,79,0,Bengaluru,12.9716,77.5946,"12.9716,77.5946"
294,42,227,13,42,16,67,66,0,Tumakuru,13.3409,77.101,"13.3409,77.101"
183,95,125,99,49,53,55,46,0,Tumakuru,13.3409,77.101,"13.3409,77.101"
77,75,177,113,10,62,75,70,0,Davanagere,14.4644,75.9218,"14.4644,75.9218"
77,19,140,146,39,80,34,39,0,Belagavi,15.8497,74.4977,"15.8497,74.4977"
157,14,74,128,18,88,82,80,0,Shivamogga,13.9299,75.5681,"13.9299,75.5681"
93,132,31,142,76,43,36,82,0,Hubballi,15.3647,75.124,"15.3647,75.124"
133,83,164,65,65,55,10,34,0,Kalaburagi,17.3297,76.8343,"17.3297,76.8343"
79,106,155,105,19,77,96,74,0,Ballari,15.1394,76.9214,"15.1394,76.9214"
239,127,22,84,58,87,83,15,0,Davanagere,14.4644,75.9218,"14.4644,75.9218"
124,47,163,41,31,87,51,27,0,Ballari,15.1394,76.9214,"15.1394,76.9214"
177,150,49,37,17,25,61,19,0,Belagavi,15.8497,74.4977,"15.8497,74.4977"
299,168,256,31,35,80,34,20,0,Hubballi,15.3647,75.124,"15.3647,75.124"
296,56,298,26,39,28,63,74,0,Davanagere,14.4644,75.9218,"14.4644,75.9218"
141,118,134,68,64,11,76,86,0,Shivamogga,13.9299,75.5681,"13.9299,75.5681"
266,189,123,99,10,19,15,74,0,Mysuru,12.2958,76.6394,"12.2958,76.6394"
280,193,137,115,73,59,67,61,0,Shivamogga,13.9299,75.5681,"13.9299,75.5681"
239,24,24,35,62,90,79,76,0,Ballari,15.1394,76.9214,"15.1394,76.9214"
274,166,267,34,53,21,62,87,0,Hubballi,15.3647,75.124,"15.3647,75.124"
178,145,140,147,27,79,75,40,0,Bengaluru,12.9716,77.5946,"12.9716,77.5946"
170,14,168,54,38,31,67,26,0,Belagavi,15.8497,74.4977,"15.8497,74.4977"
76,166,103,92,30,41,91,64,0,Davanagere,14.4644,75.9218,"14.4644,75.9218"
239,56,250,20,51,93,96,45,0,Kalaburagi,17.3297,76.8343,"17.3297,76.8343"
170,77,180,113,9,10,11,35,0,Tumakuru,13.3409,77.101,"13.3409,77.101"
165,85,291,77,24,63,85,62,0,Mangaluru,12.9141,74.856,"12.9141,74.856"
254,182,57,104,10,67,31,26,0,Bengaluru,12.9716,77.5946,"12.9716,77.5946"
282,139,245,74,74,79,46,34,0,Hubballi,15.3647,75.124,"15.3647,75.124"
52,164,161,58,63,92,29,11,0,Bengaluru,12.9716,77.5946,"12.9716,77.5946"
152,104,170,61,68,27,33,14,0,Belagavi,15.8497,74.4977,"15.8497,74.4977"
247,124,133,111,22,15,93,13,0,Bengaluru,12.9716,77.5946,"12.9716,77.5946"
249,173,256,66,8,54,74,45,0,Tumakuru,13.3409,77.101,"13.3409,77.101"
204,45,85,56,21,32,74,15,0,Mangaluru,12.9141,74.856,"12.9141,74.856"
186,35,277,35,18,32,90,30,0,Tumakuru,13.3409,77.101,"13.3409,77.101"
111,52,268,123,17,35,10,86,0,Hubballi,15.3647,75.124,"15.3647,75.124"
214,36,199,14,11,86,12,35,0,Ballari,15.1394,76.9214,"15.1394,76.9214"
274,78,209,93,48,16,55,64,0,Tumakuru,13.3409,77.101,"13.3409,77.101"
100,157,173,61,19,88,64,48,0,Mangaluru,12.9141,74.856,"12.9141,74.856"
283,20,215,114,23,53,84,42,0,Mysuru,12.2958,76.6394,"12.2958,76.6394"
221,83,281,63,67,36,97,23,0,Belagavi,15.8497,74.4977,"15.8497,74.4977"
201,113,162,24,39,35,95,65,0,Shivamogga,13.9299,75.5681,"13.9299,75.5681"
256,47,120,70,39,88,73,30,0,Bengaluru,12.9716,77.5946,"12.9716,77.5946"
108,143,263,131,23,45,54,55,0,Tumakuru,13.3409,77.101,"13.3409,77.101"
167,32,31,30,24,64,35,25,0,Davanagere,14.4644,75.9218,"14.4644,75.9218"
209,56,258,55,39,73,86,25,0,Mysuru,12.2958,76.6394,"12.2958,76.6394"
145,99,68,143,36,66,74,38,0,Bengaluru,12.9716,77.5946,"12.9716,77.5946"
265,55,61,47,52,78,33,17,0,Bengaluru,12.9716,77.5946,"12.9716,77.5946"
282,116,185,71,48,70,83,12,0,Tumakuru,13.3409,77.101,"13.3409,77.101"
229,149,101,95,28,11,44,28,0,Hubballi,15.3647,75.124,"15.3647,75.124"
162,150,177,87,65,64,33,75,0,Mangaluru,12.9141,74.856,"12.9141,74.856"
111,113,235,55,21,89,37,88,0,Shivamogga,13.9299,75.5681,"13.9299,75.5681"
290,199,177,12,75,96,89,83,0,Tumakuru,13.3409,77.101,"13.3409,77.101"
235,120,153,15,54,47,25,31,0,Mangaluru,12.9141,74.856,"12.9141,74.856"
101,113,86,102,69,89,68,55,0,Belagavi,15.8497,74.4977,"15.8497,74.4977"
61,69,26,17,36,87,90,22,0,Hubballi,15.3647,75.124,"15.3647,75.124"
88,180,33,117,40,38,63,42,0,Kalaburagi,17.3297,76.8343,"17.3297,76.8343"
179,109,92,84,17,35,88,14,0,Mangaluru,12.9141,74.856,"12.9141,74.856"
180,77,182,86,74,44,25,86,0,Davanagere,14.4644,75.9218,"14.4644,75.9218"
162,142,85,59,62,88,24,36,0,Tumakuru,13.3409,77.101,"13.3409,77.101"
150,129,149,20,18,76,20,87,0,Davanagere,14.4644,75.9218,"14.4644,75.9218"
162,46,225,104,41,96,74,33,0,Mangaluru,12.9141,74.856,"12.9141,74.856"
233,81,295,79,72,38,88,76,0,Mysuru,12.2958,76.6394,"12.2958,76.6394"
130,136,275,25,44,43,99,72,0,Mysuru,12.2958,76.6394,"12.2958,76.6394"
236,115,285,77,63,50,77,57,0,Bengaluru,12.9716,77.5946,"12.9716,77.5946"
162,101,44,108,20,50,52,72,0,Tumakuru,13.3409,77.101,"13.3409,77.101"
51,40,272,57,66,32,78,87,1,Hubballi,15.3647,75.124,"15.3647,75.124"
179,131,183,73,8,80,22,21,0,Mangaluru,12.9141,74.856,"12.9141,74.856"
269,146,114,99,49,12,19,37,0,Bengaluru,12.9716,77.5946,"12.9716,77.5946"
103,60,289,85,32,67,84,53,0,Hubballi,15.3647,75.124,"15.3647,75.124"
136,38,129,148,70,41,91,52,0,Shivamogga,13.9299,75.5681,"13.9299,75.5681"
278,49,257,110,35,40,50,26,0,Shivamogga,13.9299,75.5681,"13.9299,75.5681"
273,50,44,98,7,91,59,49,0,Mangaluru,12.9141,74.856,"12.9141,74.856"
274,20,160,27,12,52,96,58,0,Kalaburagi,17.3297,76.8343,"17.3297,76.8343"
178,160,136,28,28,16,80,66,0,Mysuru,12.2958,76.6394,"12.2958,76.6394"
196,10,44,64,19,10,68,73,0,Belagavi,15.8497,74.4977,"15.8497,74.4977"
175,55,98,111,47,70,48,84,0,Davanagere,14.4644,75.9218,"14.4644,75.9218"
179,110,87,127,35,23,12,66,0,Davanagere,14.4644,75.9218,"14.4644,75.9218"
102,158,192,143,77,61,85,83,0,Bengaluru,12.9716,77.5946,"12.9716,77.5946"
221,99,31,13,49,15,16,83,0,Davanagere,14.4644,75.9218,"14.4644,75.9218"
267,119,147,117,70,19,58,79,0,Tumakuru,13.3409,77.101,"13.3409,77.101"
209,173,115,124,12,80,35,85,0,Hubballi,15.3647,75.124,"15.3647,75.124"
247,191,111,38,75,99,42,52,0,Shivamogga,13.9299,75.5681,"13.9299,75.5681"
209,66,160,68,61,39,57,32,0,Shivamogga,13.9299,75.5681,"13.9299,75.5681"
296,10,50,134,34,30,88,36,0,Mysuru,12.2958,76.6394,"12.2958,76.6394"
117,72,39,107,78,69,11,67,0,Belagavi,15.8497,74.4977,"15.8497,74.4977"
232,191,165,26,22,90,80,46,0,Ballari,15.1394,76.9214,"15.1394,76.9214"
252,64,179,116,73,83,41,15,0,Ballari,15.1394,76.9214,"15.1394,76.9214"
233,124,62,52,43,72,13,74,0,Bengaluru,12.9716,77.5946,"12.9716,77.5946"
172,177,273,89,64,51,29,15,0,Mysuru,12.2958,76.6394,"12.2958,76.6394"
194,152,149,17,47,60,45,59,0,Tumakuru,13.3409,77.101,"13.3409,77.101"
87,158,79,115,49,73,41,31,0,Shivamogga,13.9299,75.5681,"13.9299,75.5681"
73,184,170,17,27,85,37,34,0,Hubballi,15.3647,75.124,"15.3647,75.124"
118,62,24,105,73,65,86,88,0,Tumakuru,13.3409,77.101,"13.3409,77.101"
165,146,285,103,10,89,10,81,0,Mangaluru,12.9141,74.856,"12.9141,74.856"
147,189,149,74,60,50,69,60,0,Shivamogga,13.9299,75.5681,"13.9299,75.5681"
247,66,286,48,8,41,65,57,0,Belagavi,15.8497,74.4977,"15.8497,74.4977"
263,126,197,90,27,24,44,79,0,Tumakuru,13.3409,77.101,"13.3409,77.101"
188,163,272,93,10,71,39,74,0,Belagavi,15.8497,74.4977,"15.8497,74.4977"
289,178,75,97,36,36,63,69,0,Tumakuru,13.3409,77.101,"13.3409,77.101"
193,44,102,95,22,37,45,55,0,Davanagere,14.4644,75.9218,"14.4644,75.9218"
146,72,118,102,19,90,64,45,0,Ballari,15.1394,76.9214,"15.1394,76.9214"
250,34,168,95,44,73,98,67,0,Davanagere,14.4644,75.9218,"14.4644,75.9218"
173,99,175,53,77,68,89,85,0,Davanagere,14.4644,75.9218,"14.4644,75.9218"
236,84,209,146,78,67,67,47,0,Hubballi,15.3647,75.124,"15.3647,75.124"
119,47,282,83,10,11,92,20,0,Kalaburagi,17.3297,76.8343,"17.3297,76.8343"
257,139,99,45,67,45,74,21,0,Belagavi,15.8497,74.4977,"15.8497,74.4977"
142,144,271,110,71,80,78,51,0,Tumakuru,13.3409,77.101,"13.3409,77.101"
52,171,116,113,15,22,60,48,0,Belagavi,15.8497,74.4977,"15.8497,74.4977"
197,100,279,75,47,24,31,80,0,Ballari,15.1394,76.9214,"15.1394,76.9214"
236,26,279,64,21,98,97,20,0,Tumakuru,13.3409,77.101,"13.3409,77.101"
213,137,122,100,8,96,62,45,0,Kalaburagi,17.3297,76.8343,"17.3297,76.8343"
196,180,59,31,67,69,45,61,0,Belagavi,15.8497,74.4977,"15.8497,74.4977"
139,196,292,110,72,31,77,40,0,Belagavi,15.8497,74.4977,"15.8497,74.4977"
244,117,120,130,45,72,45,42,0,Mysuru,12.2958,76.6394,"12.2958,76.6394"
196,188,240,102,9,99,61,22,0,Davanagere,14.4644,75.9218,"14.4644,75.9218"
197,191,143,117,36,84,62,27,0,Hubballi,15.3647,75.124,"15.3647,75.124"
145,161,250,19,74,83,91,50,0,Bengaluru,12.9716,77.5946,"12.9716,77.5946"
248,34,197,18,39,34,59,67,0,Mangaluru,12.9141,74.856,"12.9141,74.856"
101,189,82,43,26,57,89,65,0,Belagavi,15.8497,74.4977,"15.8497,74.4977"
282,97,135,138,69,52,50,33,0,Hubballi,15.3647,75.124,"15.3647,75.124"
210,170,210,98,26,47,27,82,0,Kalaburagi,17.3297,76.8343,"17.3297,76.8343"
217,186,81,102,15,50,31,40,0,Davanagere,14.4644,75.9218,"14.4644,75.9218"
177,38,275,80,7,54,75,64,0,Mysuru,12.2958,76.6394,"12.2958,76.6394"
88,72,26,76,13,97,30,19,0,Davanagere,14.4644,75.9218,"14.4644,75.9218"
131,159,174,126,64,49,53,69,0,Mangaluru,12.9141,74.856,"12.9141,74.856"
153,163,111,103,18,26,56,11,0,Bengaluru,12.9716,77.5946,"12.9716,77.5946"
178,165,33,108,22,97,48,24,0,Bengaluru,12.9716,77.5946,"12.9716,77.5946"
60,123,248,122,77,66,38,12,0,Bengaluru,12.9716,77.5946,"12.9716,77.5946"
269,58,105,112,27,11,63,52,0,Kalaburagi,17.3297,76.8343,"17.3297,76.8343"
234,90,152,100,78,71,99,40,0,Belagavi,15.8497,74.4977,"15.8497,74.4977"
266,93,202,99,51,97,94,79,0,Ballari,15.1394,76.9214,"15.1394,76.9214"
227,114,81,26,73,18,26,76,0,Bengaluru,12.9716,77.5946,"12.9716,77.5946"
200,186,238,27,51,77,89,65,0,Davanagere,14.4644,75.9218,"14.4644,75.9218"
208,157,265,125,34,90,69,72,0,Tumakuru,13.3409,77.101,"13.3409,77.101"
271,127,249,102,29,26,40,84,0,Bengaluru,12.9716,77.5946,"12.9716,77.5946"
91,95,98,100,32,59,82,24,0,Shivamogga,13.9299,75.5681,"13.9299,75.5681"
148,72,168,91,29,49,87,19,0,Belagavi,15.8497,74.4977,"15.8497,74.4977"
56,198,157,77,78,67,58,47,0,Kalaburagi,17.3297,76.8343,"17.3297,76.8343"
193,113,84,123,62,84,11,56,0,Davanagere,14.4644,75.9218,"14.4644,75.9218"
139,58,32,10,45,94,57,66,0,Bengaluru,12.9716,77.5946,"12.9716,77.5946"
161,80,232,67,29,30,23,59,0,Ballari,15.1394,76.9214,"15.1394,76.9214"
298,10,261,118,52,27,68,80,0,Mangaluru,12.9141,74.856,"12.9141,74.856"
293,150,232,125,14,64,67,24,0,Kalaburagi,17.3297,76.8343,"17.3297,76.8343"
109,188,200,96,79,38,67,27,0,Hubballi,15.3647,75.124,"15.3647,75.124"
162,132,192,19,15,33,60,11,0,Ballari,15.1394,76.9214,"15.1394,76.9214"
51,193,179,68,25,83,93,52,0,Davanagere,14.4644,75.9218,"14.4644,75.9218"
178,71,183,50,49,26,11,35,0,Tumakuru,13.3409,77.101,"13.3409,77.101"
97,41,207,114,11,27,50,80,0,Tumakuru,13.3409,77.101,"13.3409,77.101"
189,167,210,142,68,51,92,47,0,Davanagere,14.4644,75.9218,"14.4644,75.9218"
246,38,275,131,68,93,91,51,0,Belagavi,15.8497,74.4977,"15.8497,74.4977"
86,58,202,31,6,54,25,14,0,Belagavi,15.8497,74.4977,"15.8497,74.4977"
209,182,136,107,46,91,13,20,0,Belagavi,15.8497,74.4977,"15.8497,74.4977"
296,39,215,77,58,26,21,74,0,Ballari,15.1394,76.9214,"15.1394,76.9214"
58,153,53,148,79,82,38,43,0,Tumakuru,13.3409,77.101,"13.3409,77.101"
282,177,71,65,20,23,16,10,0,Belagavi,15.8497,74.4977,"15.8497,74.4977"
148,28,131,108,22,58,23,11,0,Tumakuru,13.3409,77.101,"13.3409,77.101"
196,27,271,85,63,38,21,29,0,Davanagere,14.4644,75.9218,"14.4644,75.9218"
97,10,101,35,20,13,14,70,0,Tumakuru,13.3409,77.101,"13.3409,77.101"
257,87,251,124,10,91,90,30,0,Bengaluru,12.9716,77.5946,"12.9716,77.5946"
180,124,246,118,61,29,41,77,0,Belagavi,15.8497,74.4977,"15.8497,74.4977"
197,184,252,56,51,56,83,21,0,Davanagere,14.4644,75.9218,"14.4644,75.9218"
201,122,240,80,52,18,52,31,0,Belagavi,15.8497,74.4977,"15.8497,74.4977"
103,123,61,49,46,86,90,29,0,Mysuru,12.2958,76.6394,"12.2958,76.6394"
169,175,40,142,64,88,78,10,0,Mysuru,12.2958,76.6394,"12.2958,76.6394"
210,188,61,141,8,36,54,39,0,Ballari,15.1394,76.9214,"15.1394,76.9214"
201,72,132,32,6,24,18,33,0,Davanagere,14.4644,75.9218,"14.4644,75.9218"
165,141,124,115,63,28,58,23,0,Mysuru,12.2958,76.6394,"12.2958,76.6394"
124,138,211,93,31,99,42,45,0,Bengaluru,12.9716,77.5946,"12.9716,77.5946"
162,17,36,125,31,61,27,78,0,Shivamogga,13.9299,75.5681,"13.9299,75.5681"
249,166,139,118,76,35,18,84,0,Bengaluru,12.9716,77.5946,"12.9716,77.5946"
213,64,148,145,11,98,71,33,0,Bengaluru,12.9716,77.5946,"12.9716,77.5946"
215,112,149,50,67,35,66,69,0,Davanagere,14.4644,75.9218,"14.4644,75.9218"
153,140,79,121,50,35,38,64,0,Mangaluru,12.9141,74.856,"12.9141,74.856"
133,41,67,121,67,55,87,86,0,Hubballi,15.3647,75.124,"15.3647,75.124"
276,19,48,112,16,58,34,89,0,Hubballi,15.3647,75.124,"15.3647,75.124"
161,119,116,55,17,91,24,33,0,Davanagere,14.4644,75.9218,"14.4644,75.9218"
266,171,29,77,47,62,15,86,0,Bengaluru,12.9716,77.5946,"12.9716,77.5946"
148,133,261,131,21,12,51,33,0,Shivamogga,13.9299,75.5681,"13.9299,75.5681"
202,96,251,24,67,75,38,63,0,Hubballi,15.3647,75.124,"15.3647,75.124"
142,64,296,138,40,51,88,35,0,Mysuru,12.2958,76.6394,"12.2958,76.6394"
195,41,222,120,12,28,13,75,0,Tumakuru,13.3409,77.101,"13.3409,77.101"
177,187,266,33,73,26,91,89,0,Ballari,15.1394,76.9214,"15.1394,76.9214"
159,144,283,36,40,42,66,47,0,Hubballi,15.3647,75.124,"15.3647,75.124"
131,102,233,49,32,85,58,74,0,Shivamogga,13.9299,75.5681,"13.9299,75.5681"
243,17,219,33,51,58,53,84,0,Kalaburagi,17.3297,76.8343,"17.3297,76.8343"
103,74,98,33,34,65,89,60,0,Hubballi,15.3647,75.124,"15.3647,75.124"
212,66,192,13,27,72,84,44,0,Kalaburagi,17.3297,76.8343,"17.3297,76.8343"
257,76,88,76,20,12,23,52,0,Ballari,15.1394,76.9214,"15.1394,76.9214"
238,196,106,43,18,58,12,38,0,Ballari,15.1394,76.9214,"15.1394,76.9214"
218,81,120,125,78,64,71,46,0,Hubballi,15.3647,75.124,"15.3647,75.124"
277,63,27,32,75,35,73,67,0,Hubballi,15.3647,75.124,"15.3647,75.124"
210,76,219,118,56,81,54,63,0,Kalaburagi,17.3297,76.8343,"17.3297,76.8343"
117,60,106,78,41,61,91,48,0,Tumakuru,13.3409,77.101,"13.3409,77.101"
82,106,62,104,33,16,67,51,0,Mysuru,12.2958,76.6394,"12.2958,76.6394"
191,101,128,71,71,55,29,37,0,Belagavi,15.8497,74.4977,"15.8497,74.4977"
70,17,171,66,19,55,67,38,0,Hubballi,15.3647,75.124,"15.3647,75.124"
97,171,36,63,51,25,98,52,0,Bengaluru,12.9716,77.5946,"12.9716,77.5946"
197,44,152,79,50,33,66,12,0,Ballari,15.1394,76.9214,"15.1394,76.9214"
297,105,167,110,56,70,86,19,0,Mangaluru,12.9141,74.856,"12.9141,74.856"
177,97,296,66,23,63,77,68,0,Ballari,15.1394,76.9214,"15.1394,76.9214"
185,87,251,147,25,71,87,23,0,Hubballi,15.3647,75.124,"15.3647,75.124"
184,41,247,144,68,10,61,85,0,Ballari,15.1394,76.9214,"15.1394,76.9214"
244,129,158,112,41,58,46,56,0,Mysuru,12.2958,76.6394,"12.2958,76.6394"
194,55,230,94,31,34,17,51,0,Ballari,15.1394,76.9214,"15.1394,76.9214"
177,153,47,70,59,19,53,41,0,Kalaburagi,17.3297,76.8343,"17.3297,76.8343"
82,174,70,12,33,89,14,41,0,Kalaburagi,17.3297,76.8343,"17.3297,76.8343"
225,191,280,137,24,25,78,51,0,Hubballi,15.3647,75.124,"15.3647,75.124"
253,151,280,95,29,67,40,41,0,Ballari,15.1394,76.9214,"15.1394,76.9214"
236,64,27,56,74,81,54,35,0,Ballari,15.1394,76.9214,"15.1394,76.9214"
164,185,157,85,67,38,18,10,0,Hubballi,15.3647,75.124,"15.3647,75.124"
263,16,57,47,40,15,41,65,0,Shivamogga,13.9299,75.5681,"13.9299,75.5681"
168,83,130,96,6,25,42,11,0,Bengaluru,12.9716,77.5946,"12.9716,77.5946"
71,16,239,67,26,29,76,39,0,Mysuru,12.2958,76.6394,"12.2958,76.6394"
287,170,242,59,20,89,39,80,0,Tumakuru,13.3409,77.101,"13.3409,77.101"
207,160,155,39,22,80,85,61,0,Davanagere,14.4644,75.9218,"14.4644,75.9218"
87,94,275,110,73,87,38,18,0,Bengaluru,12.9716,77.5946,"12.9716,77.5946"
279,156,68,34,58,52,12,31,0,Belagavi,15.8497,74.4977,"15.8497,74.4977"
158,121,97,121,34,35,99,43,0,Tumakuru,13.3409,77.101,"13.3409,77.101"
100,134,124,135,49,99,66,58,0,Bengaluru,12.9716,77.5946,"12.9716,77.5946"
231,156,188,132,23,87,39,10,0,Ballari,15.1394,76.9214,"15.1394,76.9214"
57,45,236,56,38,80,18,82,0,Mangaluru,12.9141,74.856,"12.9141,74.856"
76,38,138,127,17,42,35,62,0,Mangaluru,12.9141,74.856,"12.9141,74.856"
76,197,209,48,47,35,11,49,0,Davanagere,14.4644,75.9218,"14.4644,75.9218"
275,91,274,25,66,54,71,54,0,Tumakuru,13.3409,77.101,"13.3409,77.101"
70,11,285,31,26,93,12,77,0,Tumakuru,13.3409,77.101,"13.3409,77.101"
79,138,168,63,56,72,55,18,0,Ballari,15.1394,76.9214,"15.1394,76.9214"
146,56,183,25,56,76,77,31,0,Belagavi,15.8497,74.4977,"15.8497,74.4977"
77,157,159,68,40,61,34,27,0,Kalaburagi,17.3297,76.8343,"17.3297,76.8343"
160,20,277,40,77,77,60,85,0,Kalaburagi,17.3297,76.8343,"17.3297,76.8343"
241,139,288,41,23,35,22,52,0,Bengaluru,12.9716,77.5946,"12.9716,77.5946"
274,128,200,18,42,84,53,48,0,Hubballi,15.3647,75.124,"15.3647,75.124"
246,149,179,148,74,11,44,82,0,Belagavi,15.8497,74.4977,"15.8497,74.4977"
110,29,245,19,61,23,64,15,1,Mysuru,12.2958,76.6394,"12.2958,76.6394"
97,14,30,26,24,39,96,57,0,Belagavi,15.8497,74.4977,"15.8497,74.4977"
196,46,29,77,13,58,18,16,0,Davanagere,14.4644,75.9218,"14.4644,75.9218"
53,175,290,57,36,21,11,89,0,Kalaburagi,17.3297,76.8343,"17.3297,76.8343"
84,146,292,120,8,99,70,78,0,Mangaluru,12.9141,74.856,"12.9141,74.856"
241,62,202,132,54,53,50,25,0,Tumakuru,13.3409,77.101,"13.3409,77.101"
98,181,172,110,9,42,53,10,0,Kalaburagi,17.3297,76.8343,"17.3297,76.8343"
66,108,143,111,24,22,73,46,0,Ballari,15.1394,76.9214,"15.1394,76.9214"
221,95,133,74,79,87,40,46,0,Belagavi,15.8497,74.4977,"15.8497,74.4977"
269,117,297,60,41,97,56,73,0,Bengaluru,12.9716,77.5946,"12.9716,77.5946"
207,33,232,45,26,35,11,71,0,Bengaluru,12.9716,77.5946,"12.9716,77.5946"
270,90,191,90,62,30,91,81,0,Kalaburagi,17.3297,76.8343,"17.3297,76.8343"
95,167,193,136,72,37,86,70,0,Mysuru,12.2958,76.6394,"12.2958,76.6394"
166,129,132,97,48,57,78,42,0,Hubballi,15.3647,75.124,"15.3647,75.124"
55,68,141,113,38,49,67,75,0,Mysuru,12.2958,76.6394,"12.2958,76.6394"
148,137,51,24,46,75,53,39,0,Tumakuru,13.3409,77.101,"13.3409,77.101"
173,123,241,105,13,82,83,29,0,Mangaluru,12.9141,74.856,"12.9141,74.856"
282,124,138,132,11,96,65,69,0,Mangaluru,12.9141,74.856,"12.9141,74.856"
86,23,58,10,72,88,52,83,0,Kalaburagi,17.3297,76.8343,"17.3297,76.8343"
73,18,287,131,23,86,98,33,0,Mangaluru,12.9141,74.856,"12.9141,74.856"
142,49,252,135,35,32,43,13,0,Belagavi,15.8497,74.4977,"15.8497,74.4977"
290,34,37,66,39,90,39,46,0,Hubballi,15.3647,75.124,"15.3647,75.124"
95,112,168,90,61,57,80,13,0,Belagavi,15.8497,74.4977,"15.8497,74.4977"
230,31,168,82,65,11,79,86,0,Kalaburagi,17.3297,76.8343,"17.3297,76.8343"
144,13,145,79,35,93,64,86,0,Tumakuru,13.3409,77.101,"13.3409,77.101"
148,163,257,15,57,29,76,27,0,Kalaburagi,17.3297,76.8343,"17.3297,76.8343"
237,195,154,93,36,68,22,75,0,Mangaluru,12.9141,74.856,"12.9141,74.856"
274,38,170,61,70,55,12,57,0,Mysuru,12.2958,76.6394,"12.2958,76.6394"
165,118,255,12,63,12,35,42,0,Belagavi,15.8497,74.4977,"15.8497,74.4977"
240,107,243,90,14,64,66,67,0,Ballari,15.1394,76.9214,"15.1394,76.9214"
262,46,222,72,6,21,33,82,0,Belagavi,15.8497,74.4977,"15.8497,74.4977"
209,84,275,58,70,49,62,37,0,Mysuru,12.2958,76.6394,"12.2958,76.6394"
264,79,105,85,64,75,79,44,0,Kalaburagi,17.3297,76.8343,"17.3297,76.8343"
210,155,169,121,21,87,52,19,0,Bengaluru,12.9716,77.5946,"12.9716,77.5946"
116,137,254,118,20,25,69,74,0,Mysuru,12.2958,76.6394,"12.2958,76.6394"
177,94,41,74,20,92,67,51,0,Mysuru,12.2958,76.6394,"12.2958,76.6394"
67,51,288,90,50,43,58,18,1,Bengaluru,12.9716,77.5946,"12.9716,77.5946"
74,109,277,24,43,53,51,69,0,Hubballi,15.3647,75.124,"15.3647,75.124"
283,50,48,109,35,15,85,24,0,Shivamogga,13.9299,75.5681,"13.9299,75.5681"
272,175,232,41,5,86,75,66,0,Bengaluru,12.9716,77.5946,"12.9716,77.5946"
103,43,69,105,15,73,20,78,0,Mysuru,12.2958,76.6394,"12.2958,76.6394"
107,26,114,137,8,31,99,31,0,Mysuru,12.2958,76.6394,"12.2958,76.6394"
116,174,107,122,75,27,27,73,0,Tumakuru,13.3409,77.101,"13.3409,77.101"
153,162,63,92,30,21,94,50,0,Hubballi,15.3647,75.124,"15.3647,75.124"
223,131,297,52,54,61,61,80,0,Belagavi,15.8497,74.4977,"15.8497,74.4977"
73,85,190,125,16,60,55,65,0,Bengaluru,12.9716,77.5946,"12.9716,77.5946"
163,96,208,87,79,80,53,32,0,Davanagere,14.4644,75.9218,"14.4644,75.9218"
81,126,203,67,69,57,31,34,0,Bengaluru,12.9716,77.5946,"12.9716,77.5946"
224,115,22,42,51,28,62,15,0,Mysuru,12.2958,76.6394,"12.2958,76.6394"
135,95,210,23,57,15,68,43,0,Belagavi,15.8497,74.4977,"15.8497,74.4977"
200,36,137,141,75,93,39,72,0,Davanagere,14.4644,75.9218,"14.4644,75.9218"
243,66,38,68,6,36,17,18,0,Mangaluru,12.9141,74.856,"12.9141,74.856"
176,40,42,92,28,62,66,69,0,Shivamogga,13.9299,75.5681,"13.9299,75.5681"
204,143,49,143,8,57,82,58,0,Hubballi,15.3647,75.124,"15.3647,75.124"
283,177,127,130,23,16,29,60,0,Davanagere,14.4644,75.9218,"14.4644,75.9218"
179,107,147,92,30,68,34,69,0,Mangaluru,12.9141,74.856,"12.9141,74.856"
267,21,248,36,79,78,28,79,0,Davanagere,14.4644,75.9218,"14.4644,75.9218"
66,62,130,89,44,20,14,46,0,Davanagere,14.4644,75.9218,"14.4644,75.9218"
153,147,155,143,54,24,84,40,0,Hubballi,15.3647,75.124,"15.3647,75.124"
210,182,205,22,47,73,88,50,0,Mysuru,12.2958,76.6394,"12.2958,76.6394"
186,154,163,73,79,12,81,71,0,Hubballi,15.3647,75.124,"15.3647,75.124"
92,163,91,89,71,78,92,67,0,Tumakuru,13.3409,77.101,"13.3409,77.101"
295,199,148,132,16,32,96,23,0,Hubballi,15.3647,75.124,"15.3647,75.124"
225,131,280,52,71,62,36,45,0,Bengaluru,12.9716,77.5946,"12.9716,77.5946"
88,55,22,98,31,46,49,45,1,Hubballi,15.3647,75.124,"15.3647,75.124"
270,73,123,104,58,18,35,88,0,Belagavi,15.8497,74.4977,"15.8497,74.4977"
219,139,243,11,70,24,36,17,0,Kalaburagi,17.3297,76.8343,"17.3297,76.8343"
296,63,29,129,53,12,71,35,0,Davanagere,14.4644,75.9218,"14.4644,75.9218"
75,116,250,31,20,79,92,45,0,Ballari,15.1394,76.9214,"15.1394,76.9214"
148,60,238,124,6,26,59,57,0,Shivamogga,13.9299,75.5681,"13.9299,75.5681"
99,190,85,66,64,35,51,37,0,Mysuru,12.2958,76.6394,"12.2958,76.6394"
202,45,131,81,58,30,38,77,0,Bengaluru,12.9716,77.5946,"12.9716,77.5946"
201,124,32,16,34,81,48,71,0,Tumakuru,13.3409,77.101,"13.3409,77.101"
62,35,105,128,42,30,69,89,1,Ballari,15.1394,76.9214,"15.1394,76.9214"
109,38,253,123,32,20,50,85,1,Belagavi,15.8497,74.4977,"15.8497,74.4977"
299,158,109,25,29,47,42,89,0,Tumakuru,13.3409,77.101,"13.3409,77.101"
184,20,73,92,14,81,92,60,0,Kalaburagi,17.3297,76.8343,"17.3297,76.8343"
106,49,31,81,64,97,92,51,0,Davanagere,14.4644,75.9218,"14.4644,75.9218"
85,20,228,133,46,44,25,38,1,Belagavi,15.8497,74.4977,"15.8497,74.4977"
222,173,33,122,44,23,32,19,0,Mangaluru,12.9141,74.856,"12.9141,74.856"
69,122,140,21,46,23,16,48,0,Shivamogga,13.9299,75.5681,"13.9299,75.5681"
114,196,39,135,51,19,35,10,0,Davanagere,14.4644,75.9218,"14.4644,75.9218"
57,48,94,62,41,21,21,48,1,Mysuru,12.2958,76.6394,"12.2958,76.6394"
287,63,262,84,26,47,81,30,0,Kalaburagi,17.3297,76.8343,"17.3297,76.8343"
193,107,242,142,61,43,14,74,0,Davanagere,14.4644,75.9218,"14.4644,75.9218"
191,64,89,36,31,50,78,24,0,Kalaburagi,17.3297,76.8343,"17.3297,76.8343"
253,120,230,149,45,19,58,13,0,Ballari,15.1394,76.9214,"15.1394,76.9214"
164,161,120,143,38,26,35,69,0,Hubballi,15.3647,75.124,"15.3647,75.124"
264,159,205,106,36,26,14,70,0,Tumakuru,13.3409,77.101,"13.3409,77.101"
192,78,151,14,70,76,31,29,0,Bengaluru,12.9716,77.5946,"12.9716,77.5946"
141,65,130,66,16,71,88,19,0,Belagavi,15.8497,74.4977,"15.8497,74.4977"
147,42,151,87,44,10,22,43,0,Belagavi,15.8497,74.4977,"15.8497,74.4977"
115,45,39,78,77,21,37,57,1,Shivamogga,13.9299,75.5681,"13.9299,75.5681"
81,157,43,127,77,13,42,42,0,Kalaburagi,17.3297,76.8343,"17.3297,76.8343"
264,90,246,129,14,51,32,70,0,Mangaluru,12.9141,74.856,"12.9141,74.856"
240,199,173,68,52,22,27,19,0,Kalaburagi,17.3297,76.8343,"17.3297,76.8343"
135,118,249,42,24,94,39,63,0,Belagavi,15.8497,74.4977,"15.8497,74.4977"
100,163,221,71,43,95,35,74,0,Mysuru,12.2958,76.6394,"12.2958,76.6394"
202,82,57,59,64,13,25,86,0,Shivamogga,13.9299,75.5681,"13.9299,75.5681"
235,49,279,121,70,91,86,10,0,Kalaburagi,17.3297,76.8343,"17.3297,76.8343"
112,26,207,28,69,78,48,14,0,Ballari,15.1394,76.9214,"15.1394,76.9214"
239,138,76,132,55,28,42,89,0,Ballari,15.1394,76.9214,"15.1394,76.9214"
174,70,39,56,40,11,35,24,0,Kalaburagi,17.3297,76.8343,"17.3297,76.8343"
199,180,292,42,28,21,57,37,0,Shivamogga,13.9299,75.5681,"13.9299,75.5681"
107,113,138,93,31,90,74,32,0,Ballari,15.1394,76.9214,"15.1394,76.9214"
107,51,90,144,6,83,47,26,0,Bengaluru,12.9716,77.5946,"12.9716,77.5946"
135,34,23,88,35,15,11,22,0,Hubballi,15.3647,75.124,"15.3647,75.124"
98,48,240,23,61,17,15,23,1,Mangaluru,12.9141,74.856,"12.9141,74.856"
229,44,33,137,70,60,55,20,0,Davanagere,14.4644,75.9218,"14.4644,75.9218"
219,140,22,63,33,20,59,37,0,Davanagere,14.4644,75.9218,"14.4644,75.9218"
119,117,235,38,19,72,47,51,0,Tumakuru,13.3409,77.101,"13.3409,77.101"
64,181,248,33,16,66,97,70,0,Shivamogga,13.9299,75.5681,"13.9299,75.5681"
103,188,205,91,32,21,27,73,0,Bengaluru,12.9716,77.5946,"12.9716,77.5946"
284,111,74,72,28,82,36,40,0,Mysuru,12.2958,76.6394,"12.2958,76.6394"
237,107,273,114,25,11,50,82,0,Bengaluru,12.9716,77.5946,"12.9716,77.5946"
150,21,43,66,14,17,81,19,0,Hubballi,15.3647,75.124,"15.3647,75.124"
274,28,181,145,22,20,83,17,0,Tumakuru,13.3409,77.101,"13.3409,77.101"
57,110,177,71,18,62,26,30,0,Bengaluru,12.9716,77.5946,"12.9716,77.5946"
102,53,101,26,38,19,71,86,1,Tumakuru,13.3409,77.101,"13.3409,77.101"
109,196,178,75,62,94,38,68,0,Hubballi,15.3647,75.124,"15.3647,75.124"
285,58,207,15,26,93,67,59,0,Belagavi,15.8497,74.4977,"15.8497,74.4977"
157,198,79,67,74,17,79,78,0,Mangaluru,12.9141,74.856,"12.9141,74.856"
54,26,230,78,40,45,87,79,1,Mangaluru,12.9141,74.856,"12.9141,74.856"
152,83,171,71,49,85,31,39,0,Bengaluru,12.9716,77.5946,"12.9716,77.5946"
245,66,128,91,40,23,15,26,0,Kalaburagi,17.3297,76.8343,"17.3297,76.8343"
55,64,95,80,26,63,35,84,0,Mysuru,12.2958,76.6394,"12.2958,76.6394"
158,56,49,140,65,94,48,29,0,Ballari,15.1394,76.9214,"15.1394,76.9214"
273,21,136,19,60,95,21,57,0,Kalaburagi,17.3297,76.8343,"17.3297,76.8343"
165,71,211,107,37,30,23,82,0,Tumakuru,13.3409,77.101,"13.3409,77.101"
143,89,38,98,49,59,31,11,0,Bengaluru,12.9716,77.5946,"12.9716,77.5946"
96,92,192,44,40,48,60,46,0,Kalaburagi,17.3297,76.8343,"17.3297,76.8343"
148,17,247,11,24,29,32,10,0,Davanagere,14.4644,75.9218,"14.4644,75.9218"
104,158,202,133,22,97,57,13,0,Ballari,15.1394,76.9214,"15.1394,76.9214"
217,90,132,33,42,96,80,63,0,Bengaluru,12.9716,77.5946,"12.9716,77.5946"
101,127,202,83,71,16,59,34,0,Belagavi,15.8497,74.4977,"15.8497,74.4977"
193,34,165,31,27,18,98,12,0,Kalaburagi,17.3297,76.8343,"17.3297,76.8343"
62,98,135,48,20,10,22,18,0,Bengaluru,12.9716,77.5946,"12.9716,77.5946"
163,21,132,29,63,35,94,85,0,Shivamogga,13.9299,75.5681,"13.9299,75.5681"
173,152,270,50,73,47,19,83,0,Kalaburagi,17.3297,76.8343,"17.3297,76.8343"
155,68,270,117,72,47,64,43,0,Mangaluru,12.9141,74.856,"12.9141,74.856"
207,163,137,93,25,70,18,52,0,Shivamogga,13.9299,75.5681,"13.9299,75.5681"
196,118,180,120,74,53,88,83,0,Belagavi,15.8497,74.4977,"15.8497,74.4977"
194,35,217,75,16,95,61,31,0,Tumakuru,13.3409,77.101,"13.3409,77.101"
169,56,279,62,20,53,11,79,0,Shivamogga,13.9299,75.5681,"13.9299,75.5681"
112,41,167,43,18,83,34,11,0,Mysuru,12.2958,76.6394,"12.2958,76.6394"
68,19,259,76,65,71,22,75,0,Davanagere,14.4644,75.9218,"14.4644,75.9218"
141,25,66,143,75,15,60,41,0,Hubballi,15.3647,75.124,"15.3647,75.124"
107,154,217,36,50,26,67,25,0,Belagavi,15.8497,74.4977,"15.8497,74.4977"
232,160,66,19,36,60,43,85,0,Bengaluru,12.9716,77.5946,"12.9716,77.5946"
139,35,97,82,19,47,44,10,0,Belagavi,15.8497,74.4977,"15.8497,74.4977"
278,95,143,105,48,33,12,81,0,Bengaluru,12.9716,77.5946,"12.9716,77.5946"
267,144,94,57,21,60,68,57,0,Hubballi,15.3647,75.124,"15.3647,75.124"
166,23,156,79,45,19,79,59,0,Davanagere,14.4644,75.9218,"14.4644,75.9218"
111,88,109,109,58,81,57,22,0,Mysuru,12.2958,76.6394,"12.2958,76.6394"
72,126,80,68,48,30,73,24,0,Bengaluru,12.9716,77.5946,"12.9716,77.5946"
176,16,157,11,9,79,28,62,0,Hubballi,15.3647,75.124,"15.3647,75.124"
186,146,69,74,31,94,76,53,0,Mysuru,12.2958,76.6394,"12.2958,76.6394"
189,124,278,92,47,66,91,17,0,Mangaluru,12.9141,74.856,"12.9141,74.856"
294,185,126,19,35,48,82,83,0,Mysuru,12.2958,76.6394,"12.2958,76.6394"
178,81,132,62,21,97,85,55,0,Bengaluru,12.9716,77.5946,"12.9716,77.5946"
107,68,273,88,58,42,14,78,0,Kalaburagi,17.3297,76.8343,"17.3297,76.8343"
171,91,137,68,66,68,76,28,0,Tumakuru,13.3409,77.101,"13.3409,77.101"
50,125,217,57,36,27,20,47,0,Davanagere,14.4644,75.9218,"14.4644,75.9218"
288,176,70,132,44,65,77,20,0,Bengaluru,12.9716,77.5946,"12.9716,77.5946"
83,155,264,31,17,66,78,52,0,Ballari,15.1394,76.9214,"15.1394,76.9214"
145,196,54,109,39,85,10,29,0,Bengaluru,12.9716,77.5946,"12.9716,77.5946"
175,112,88,107,9,57,72,29,0,Ballari,15.1394,76.9214,"15.1394,76.9214"
167,26,68,34,77,51,38,30,0,Belagavi,15.8497,74.4977,"15.8497,74.4977"
97,23,93,37,33,36,91,66,1,Mysuru,12.2958,76.6394,"12.2958,76.6394"
138,168,211,122,74,83,21,59,0,Mysuru,12.2958,76.6394,"12.2958,76.6394"
281,161,280,54,29,61,86,83,0,Davanagere,14.4644,75.9218,"14.4644,75.9218"
286,117,89,77,26,51,50,35,0,Kalaburagi,17.3297,76.8343,"17.3297,76.8343"
166,197,109,16,70,41,11,39,0,Bengaluru,12.9716,77.5946,"12.9716,77.5946"
178,54,279,58,49,35,46,82,0,Mysuru,12.2958,76.6394,"12.2958,76.6394"
65,107,145,146,73,34,54,40,0,Tumakuru,13.3409,77.101,"13.3409,77.101"
238,140,250,92,76,84,89,51,0,Bengaluru,12.9716,77.5946,"12.9716,77.5946"
280,46,148,138,5,32,57,77,0,Davanagere,14.4644,75.9218,"14.4644,75.9218"
241,180,299,147,48,66,33,70,0,Tumakuru,13.3409,77.101,"13.3409,77.101"
240,177,119,82,79,61,31,70,0,Bengaluru,12.9716,77.5946,"12.9716,77.5946"
118,192,201,55,43,96,20,79,0,Davanagere,14.4644,75.9218,"14.4644,75.9218"
71,117,193,115,58,40,67,87,0,Kalaburagi,17.3297,76.8343,"17.3297,76.8343"
142,48,207,41,79,73,55,77,0,Kalaburagi,17.3297,76.8343,"17.3297,76.8343"
296,24,76,15,33,80,38,26,0,Shivamogga,13.9299,75.5681,"13.9299,75.5681"
244,129,50,83,58,42,44,28,0,Shivamogga,13.9299,75.5681,"13.9299,75.5681"
125,13,103,123,20,94,24,60,0,Ballari,15.1394,76.9214,"15.1394,76.9214"
203,102,171,36,24,11,69,79,0,Mysuru,12.2958,76.6394,"12.2958,76.6394"
193,162,55,63,50,27,51,72,0,Tumakuru,13.3409,77.101,"13.3409,77.101"
228,150,232,94,71,56,52,84,0,Hubballi,15.3647,75.124,"15.3647,75.124"
278,170,125,136,69,42,89,89,0,Ballari,15.1394,76.9214,"15.1394,76.9214"
135,25,239,120,62,93,83,39,0,Davanagere,14.4644,75.9218,"14.4644,75.9218"
234,179,182,24,57,44,58,34,0,Tumakuru,13.3409,77.101,"13.3409,77.101"
78,117,239,141,5,60,73,84,0,Mangaluru,12.9141,74.856,"12.9141,74.856"
255,135,289,102,70,27,41,80,0,Hubballi,15.3647,75.124,"15.3647,75.124"
269,64,139,132,33,97,73,35,0,Bengaluru,12.9716,77.5946,"12.9716,77.5946"
118,179,201,82,74,81,11,65,0,Belagavi,15.8497,74.4977,"15.8497,74.4977"
96,43,125,101,12,39,33,31,0,Mangaluru,12.9141,74.856,"12.9141,74.856"
290,167,236,26,33,53,96,28,0,Mangaluru,12.9141,74.856,"12.9141,74.856"
143,22,224,52,55,62,75,40,0,Hubballi,15.3647,75.124,"15.3647,75.124"
287,150,89,130,37,19,47,35,0,Kalaburagi,17.3297,76.8343,"17.3297,76.8343"
239,27,63,50,7,96,40,51,0,Bengaluru,12.9716,77.5946,"12.9716,77.5946"
293,169,247,48,64,61,35,50,0,Davanagere,14.4644,75.9218,"14.4644,75.9218"
246,105,203,122,39,58,38,32,0,Ballari,15.1394,76.9214,"15.1394,76.9214"
253,132,126,120,73,20,76,56,0,Davanagere,14.4644,75.9218,"14.4644,75.9218"
193,48,103,56,24,75,87,22,0,Shivamogga,13.9299,75.5681,"13.9299,75.5681"
267,55,269,72,77,67,34,75,0,Tumakuru,13.3409,77.101,"13.3409,77.101"
267,38,40,119,43,99,57,75,0,Kalaburagi,17.3297,76.8343,"17.3297,76.8343"
225,199,215,78,8,45,74,25,0,Belagavi,15.8497,74.4977,"15.8497,74.4977"
134,71,197,52,23,42,62,82,0,Davanagere,14.4644,75.9218,"14.4644,75.9218"
88,194,26,43,49,56,76,37,0,Tumakuru,13.3409,77.101,"13.3409,77.101"
149,25,89,49,47,22,99,86,0,Shivamogga,13.9299,75.5681,"13.9299,75.5681"
82,193,146,70,17,49,27,44,0,Shivamogga,13.9299,75.5681,"13.9299,75.5681"
271,130,179,71,17,98,18,50,0,Belagavi,15.8497,74.4977,"15.8497,74.4977"
150,19,267,67,64,77,47,86,0,Shivamogga,13.9299,75.5681,"13.9299,75.5681"
72,167,222,84,61,51,96,40,0,Tumakuru,13.3409,77.101,"13.3409,77.101"
299,162,167,25,56,28,30,41,0,Hubballi,15.3647,75.124,"15.3647,75.124"
59,112,162,91,57,91,74,63,0,Hubballi,15.3647,75.124,"15.3647,75.124"
295,93,218,103,47,28,30,81,0,Mysuru,12.2958,76.6394,"12.2958,76.6394"
118,142,173,57,76,67,36,68,0,Davanagere,14.4644,75.9218,"14.4644,75.9218"
149,74,161,147,76,32,79,50,0,Mangaluru,12.9141,74.856,"12.9141,74.856"
83,186,184,91,46,63,53,75,0,Mysuru,12.2958,76.6394,"12.2958,76.6394"
229,12,40,47,30,89,37,63,0,Kalaburagi,17.3297,76.8343,"17.3297,76.8343"
272,182,101,136,27,74,54,49,0,Belagavi,15.8497,74.4977,"15.8497,74.4977"
187,151,88,28,47,21,26,37,0,Ballari,15.1394,76.9214,"15.1394,76.9214"
299,129,150,72,32,33,49,46,0,Ballari,15.1394,76.9214,"15.1394,76.9214"
196,167,106,86,13,43,12,74,0,Shivamogga,13.9299,75.5681,"13.9299,75.5681"
235,77,237,140,24,62,85,83,0,Shivamogga,13.9299,75.5681,"13.9299,75.5681"
145,155,180,111,60,17,85,64,0,Davanagere,14.4644,75.9218,"14.4644,75.9218"
50,199,197,74,43,27,75,13,0,Hubballi,15.3647,75.124,"15.3647,75.124"
297,46,136,129,55,66,55,19,0,Belagavi,15.8497,74.4977,"15.8497,74.4977"
118,162,215,100,16,14,95,56,0,Mangaluru,12.9141,74.856,"12.9141,74.856"
286,185,105,17,59,35,96,84,0,Mysuru,12.2958,76.6394,"12.2958,76.6394"
53,190,100,82,15,39,39,23,0,Bengaluru,12.9716,77.5946,"12.9716,77.5946"
65,82,171,143,30,63,78,47,0,Davanagere,14.4644,75.9218,"14.4644,75.9218"
73,152,80,116,46,22,18,21,0,Ballari,15.1394,76.9214,"15.1394,76.9214"
129,58,80,98,31,92,94,54,0,Shivamogga,13.9299,75.5681,"13.9299,75.5681"
296,130,47,48,15,38,20,26,0,Davanagere,14.4644,75.9218,"14.4644,75.9218"
51,97,62,122,42,12,78,89,0,Ballari,15.1394,76.9214,"15.1394,76.9214"
290,149,188,37,47,99,75,44,0,Hubballi,15.3647,75.124,"15.3647,75.124"
269,196,105,106,23,67,97,75,0,Ballari,15.1394,76.9214,"15.1394,76.9214"
177,46,196,46,68,85,40,84,0,Mangaluru,12.9141,74.856,"12.9141,74.856"
209,70,36,146,10,11,42,50,0,Shivamogga,13.9299,75.5681,"13.9299,75.5681"
268,180,117,91,50,84,48,76,0,Kalaburagi,17.3297,76.8343,"17.3297,76.8343"
133,133,217,65,46,37,55,38,0,Kalaburagi,17.3297,76.8343,"17.3297,76.8343"
201,48,117,94,69,91,46,27,0,Davanagere,14.4644,75.9218,"14.4644,75.9218"
189,193,84,11,76,86,69,29,0,Kalaburagi,17.3297,76.8343,"17.3297,76.8343"
227,72,24,67,63,95,40,23,0,Kalaburagi,17.3297,76.8343,"17.3297,76.8343"
212,55,21,116,56,85,20,43,0,Shivamogga,13.9299,75.5681,"13.9299,75.5681"
173,97,41,132,51,11,96,58,0,Tumakuru,13.3409,77.101,"13.3409,77.101"
82,20,131,123,11,16,11,63,0,Belagavi,15.8497,74.4977,"15.8497,74.4977"
210,71,76,116,15,35,36,40,0,Tumakuru,13.3409,77.101,"13.3409,77.101"
238,86,85,46,65,99,11,67,0,Kalaburagi,17.3297,76.8343,"17.3297,76.8343"
228,162,117,88,72,97,30,51,0,Mangaluru,12.9141,74.856,"12.9141,74.856"
220,61,163,101,29,85,67,67,0,Kalaburagi,17.3297,76.8343,"17.3297,76.8343"
150,13,144,27,16,25,14,39,0,Mysuru,12.2958,76.6394,"12.2958,76.6394"
61,68,186,107,30,32,61,34,0,Mysuru,12.2958,76.6394,"12.2958,76.6394"
116,81,105,72,16,49,54,72,0,Tumakuru,13.3409,77.101,"13.3409,77.101"
114,157,95,148,47,69,94,28,0,Bengaluru,12.9716,77.5946,"12.9716,77.5946"
210,102,78,13,55,82,29,81,0,Ballari,15.1394,76.9214,"15.1394,76.9214"
217,72,157,144,41,41,70,17,0,Belagavi,15.8497,74.4977,"15.8497,74.4977"
123,63,118,70,50,24,47,12,0,Kalaburagi,17.3297,76.8343,"17.3297,76.8343"
92,126,211,116,57,22,29,76,0,Tumakuru,13.3409,77.101,"13.3409,77.101"
93,119,262,63,17,14,34,26,0,Bengaluru,12.9716,77.5946,"12.9716,77.5946"
78,83,68,97,58,84,11,23,0,Belagavi,15.8497,74.4977,"15.8497,74.4977"
190,116,51,77,61,83,41,18,0,Shivamogga,13.9299,75.5681,"13.9299,75.5681"
61,66,296,138,8,61,35,71,0,Ballari,15.1394,76.9214,"15.1394,76.9214"
144,178,39,64,79,86,79,30,0,Davanagere,14.4644,75.9218,"14.4644,75.9218"
95,12,173,12,53,50,50,85,1,Mangaluru,12.9141,74.856,"12.9141,74.856"
179,129,87,130,11,62,76,46,0,Ballari,15.1394,76.9214,"15.1394,76.9214"
292,15,233,138,15,59,10,20,0,Mangaluru,12.9141,74.856,"12.9141,74.856"
291,14,162,111,58,24,60,29,0,Kalaburagi,17.3297,76.8343,"17.3297,76.8343"
84,14,251,47,49,16,14,44,1,Hubballi,15.3647,75.124,"15.3647,75.124"
264,63,232,94,27,49,22,62,0,Hubballi,15.3647,75.124,"15.3647,75.124"
130,56,98,142,32,37,28,56,0,Mysuru,12.2958,76.6394,"12.2958,76.6394"
139,186,233,101,61,41,21,84,0,Bengaluru,12.9716,77.5946,"12.9716,77.5946"
57,18,135,30,30,24,57,61,0,Davanagere,14.4644,75.9218,"14.4644,75.9218"
142,108,111,118,29,94,34,17,0,Mysuru,12.2958,76.6394,"12.2958,76.6394"
203,29,289,56,58,79,66,13,0,Bengaluru,12.9716,77.5946,"12.9716,77.5946"
251,131,187,93,33,74,44,36,0,Belagavi,15.8497,74.4977,"15.8497,74.4977"
139,70,77,92,40,13,85,53,0,Belagavi,15.8497,74.4977,"15.8497,74.4977"
211,132,45,44,18,20,14,49,0,Hubballi,15.3647,75.124,"15.3647,75.124"
164,172,85,78,39,35,31,56,0,Bengaluru,12.9716,77.5946,"12.9716,77.5946"
154,187,267,138,34,70,86,53,0,Bengaluru,12.9716,77.5946,"12.9716,77.5946"
184,91,273,149,21,46,66,57,0,Belagavi,15.8497,74.4977,"15.8497,74.4977"
245,71,63,36,71,32,56,61,0,Tumakuru,13.3409,77.101,"13.3409,77.101"
107,154,116,65,34,94,63,77,0,Kalaburagi,17.3297,76.8343,"17.3297,76.8343"
294,12,61,32,49,49,12,20,0,Mangaluru,12.9141,74.856,"12.9141,74.856"
163,169,246,30,55,86,62,86,0,Bengaluru,12.9716,77.5946,"12.9716,77.5946"
286,22,281,70,51,32,93,82,0,Kalaburagi,17.3297,76.8343,"17.3297,76.8343"
124,129,186,72,57,25,40,13,0,Davanagere,14.4644,75.9218,"14.4644,75.9218"
206,134,298,131,68,70,78,85,0,Mangaluru,12.9141,74.856,"12.9141,74.856"
169,98,108,61,42,77,97,82,0,Mangaluru,12.9141,74.856,"12.9141,74.856"
213,82,197,97,68,89,42,86,0,Kalaburagi,17.3297,76.8343,"17.3297,76.8343"
266,77,216,64,11,40,81,57,0,Ballari,15.1394,76.9214,"15.1394,76.9214"
70,151,286,55,26,62,97,35,0,Tumakuru,13.3409,77.101,"13.3409,77.101"
298,110,287,41,45,34,59,86,0,Davanagere,14.4644,75.9218,"14.4644,75.9218"
213,107,93,64,78,53,93,48,0,Mangaluru,12.9141,74.856,"12.9141,74.856"
187,20,27,105,14,21,25,67,0,Mysuru,12.2958,76.6394,"12.2958,76.6394"
150,114,183,142,61,99,85,28,0,Davanagere,14.4644,75.9218,"14.4644,75.9218"
250,193,104,45,11,18,86,86,0,Tumakuru,13.3409,77.101,"13.3409,77.101"
201,76,91,119,54,21,48,86,0,Hubballi,15.3647,75.124,"15.3647,75.124"
241,132,74,115,56,78,98,67,0,Bengaluru,12.9716,77.5946,"12.9716,77.5946"
276,38,66,67,37,63,55,37,0,Hubballi,15.3647,75.124,"15.3647,75.124"
226,146,257,48,5,63,97,75,0,Belagavi,15.8497,74.4977,"15.8497,74.4977"
148,162,123,89,57,37,56,19,0,Mangaluru,12.9141,74.856,"12.9141,74.856"
289,85,229,106,64,65,53,86,0,Mangaluru,12.9141,74.856,"12.9141,74.856"
85,179,61,122,38,78,18,67,0,Ballari,15.1394,76.9214,"15.1394,76.9214"
259,18,287,70,8,86,96,82,0,Kalaburagi,17.3297,76.8343,"17.3297,76.8343"
290,49,282,146,21,67,59,23,0,Ballari,15.1394,76.9214,"15.1394,76.9214"
280,34,278,15,8,87,86,24,0,Kalaburagi,17.3297,76.8343,"17.3297,76.8343"
145,14,133,118,47,84,69,42,0,Belagavi,15.8497,74.4977,"15.8497,74.4977"
201,148,59,44,8,51,24,26,0,Shivamogga,13.9299,75.5681,"13.9299,75.5681"
200,196,239,48,5,47,45,33,0,Belagavi,15.8497,74.4977,"15.8497,74.4977"
239,133,148,127,75,77,72,39,0,Kalaburagi,17.3297,76.8343,"17.3297,76.8343"
273,47,27,14,54,62,78,71,0,Mysuru,12.2958,76.6394,"12.2958,76.6394"
86,81,120,96,77,42,95,22,0,Davanagere,14.4644,75.9218,"14.4644,75.9218"
61,142,195,85,65,80,89,71,0,Ballari,15.1394,76.9214,"15.1394,76.9214"
162,185,126,66,39,65,50,56,0,Kalaburagi,17.3297,76.8343,"17.3297,76.8343"
232,99,120,136,12,81,83,25,0,Belagavi,15.8497,74.4977,"15.8497,74.4977"
62,155,279,38,28,60,33,75,0,Kalaburagi,17.3297,76.8343,"17.3297,76.8343"
72,46,265,96,40,83,91,52,0,Bengaluru,12.9716,77.5946,"12.9716,77.5946"
266,69,294,55,54,52,58,17,0,Ballari,15.1394,76.9214,"15.1394,76.9214"
148,185,51,125,47,24,27,12,0,Hubballi,15.3647,75.124,"15.3647,75.124"
154,37,156,121,31,47,16,21,0,Bengaluru,12.9716,77.5946,"12.9716,77.5946"
79,90,31,54,36,24,13,25,0,Tumakuru,13.3409,77.101,"13.3409,77.101"
66,123,35,113,22,14,99,87,0,Tumakuru,13.3409,77.101,"13.3409,77.101"
162,49,148,94,32,92,78,89,0,Mangaluru,12.9141,74.856,"12.9141,74.856"
111,54,82,143,33,63,69,68,0,Shivamogga,13.9299,75.5681,"13.9299,75.5681"
133,71,128,117,20,60,64,58,0,Hubballi,15.3647,75.124,"15.3647,75.124"
161,102,40,27,51,19,25,72,0,Mangaluru,12.9141,74.856,"12.9141,74.856"
266,124,177,103,63,21,99,71,0,Bengaluru,12.9716,77.5946,"12.9716,77.5946"
135,195,288,42,35,13,91,58,0,Shivamogga,13.9299,75.5681,"13.9299,75.5681"
190,76,181,135,8,27,38,60,0,Bengaluru,12.9716,77.5946,"12.9716,77.5946"
236,65,279,131,41,89,32,42,0,Tumakuru,13.3409,77.101,"13.3409,77.101"
68,49,121,147,21,45,23,39,0,Belagavi,15.8497,74.4977,"15.8497,74.4977"
226,107,242,124,43,34,88,68,0,Bengaluru,12.9716,77.5946,"12.9716,77.5946"
149,49,78,37,52,96,58,85,0,Bengaluru,12.9716,77.5946,"12.9716,77.5946"
189,100,266,20,50,85,42,24,0,Shivamogga,13.9299,75.5681,"13.9299,75.5681"
238,42,147,56,52,45,34,32,0,Mangaluru,12.9141,74.856,"12.9141,74.856"
282,15,44,136,43,76,30,87,0,Mangaluru,12.9141,74.856,"12.9141,74.856"
196,156,150,127,8,18,26,54,0,Ballari,15.1394,76.9214,"15.1394,76.9214"
125,89,215,135,34,70,32,71,0,Mysuru,12.2958,76.6394,"12.2958,76.6394"
58,177,173,81,34,62,66,88,0,Davanagere,14.4644,75.9218,"14.4644,75.9218"
248,101,152,116,26,27,90,80,0,Mangaluru,12.9141,74.856,"12.9141,74.856"
77,106,246,146,79,52,67,24,0,Ballari,15.1394,76.9214,"15.1394,76.9214"
255,68,208,42,70,44,23,55,0,Mangaluru,12.9141,74.856,"12.9141,74.856"
272,68,284,28,16,72,29,73,0,Belagavi,15.8497,74.4977,"15.8497,74.4977"
177,57,153,83,40,87,39,55,0,Shivamogga,13.9299,75.5681,"13.9299,75.5681"
101,178,230,107,22,13,28,65,0,Mysuru,12.2958,76.6394,"12.2958,76.6394"
132,22,79,138,57,50,62,53,0,Mangaluru,12.9141,74.856,"12.9141,74.856"
299,116,232,102,75,54,65,84,0,Belagavi,15.8497,74.4977,"15.8497,74.4977"
160,54,235,57,5,59,86,38,0,Kalaburagi,17.3297,76.8343,"17.3297,76.8343"
193,98,245,73,62,88,91,71,0,Ballari,15.1394,76.9214,"15.1394,76.9214"
166,190,150,70,10,37,32,61,0,Tumakuru,13.3409,77.101,"13.3409,77.101"
118,179,95,48,74,51,71,63,0,Belagavi,15.8497,74.4977,"15.8497,74.4977"
148,109,296,137,48,89,42,66,0,Davanagere,14.4644,75.9218,"14.4644,75.9218"
189,164,175,97,76,85,27,75,0,Mysuru,12.2958,76.6394,"12.2958,76.6394"
74,175,267,35,28,78,82,31,0,Bengaluru,12.9716,77.5946,"12.9716,77.5946"
229,197,237,26,23,10,42,29,0,Belagavi,15.8497,74.4977,"15.8497,74.4977"
172,16,209,80,22,48,41,42,0,Bengaluru,12.9716,77.5946,"12.9716,77.5946"
262,142,182,22,34,99,70,81,0,Davanagere,14.4644,75.9218,"14.4644,75.9218"
277,54,199,78,46,26,63,34,0,Mysuru,12.2958,76.6394,"12.2958,76.6394"
102,67,53,35,37,97,26,55,0,Mysuru,12.2958,76.6394,"12.2958,76.6394"
200,40,60,58,78,44,28,82,0,Belagavi,15.8497,74.4977,"15.8497,74.4977"
193,32,94,16,16,55,79,66,0,Mysuru,12.2958,76.6394,"12.2958,76.6394"
106,179,298,67,31,51,43,14,0,Kalaburagi,17.3297,76.8343,"17.3297,76.8343"
88,147,195,58,43,48,93,64,0,Mysuru,12.2958,76.6394,"12.2958,76.6394"
158,169,169,112,13,99,34,70,0,Mangaluru,12.9141,74.856,"12.9141,74.856"
230,116,292,62,25,58,77,17,0,Shivamogga,13.9299,75.5681,"13.9299,75.5681"
91,190,127,71,33,71,83,25,0,Mysuru,12.2958,76.6394,"12.2958,76.6394"
235,167,158,26,37,47,83,57,0,Shivamogga,13.9299,75.5681,"13.9299,75.5681"
216,48,290,34,66,32,97,70,0,Mangaluru,12.9141,74.856,"12.9141,74.856"
191,168,231,140,19,31,94,24,0,Ballari,15.1394,76.9214,"15.1394,76.9214"
272,91,291,38,6,13,20,74,0,Hubballi,15.3647,75.124,"15.3647,75.124"
171,109,85,126,56,58,25,31,0,Belagavi,15.8497,74.4977,"15.8497,74.4977"
182,11,267,35,48,68,99,12,0,Davanagere,14.4644,75.9218,"14.4644,75.9218"
212,86,175,133,58,82,70,63,0,Belagavi,15.8497,74.4977,"15.8497,74.4977"
264,21,66,34,22,77,89,23,0,Ballari,15.1394,76.9214,"15.1394,76.9214"
270,48,220,63,7,80,16,45,0,Ballari,15.1394,76.9214,"15.1394,76.9214"
284,22,167,82,11,96,25,76,0,Tumakuru,13.3409,77.101,"13.3409,77.101"
124,55,143,129,47,11,25,19,0,Mangaluru,12.9141,74.856,"12.9141,74.856"
195,164,20,65,42,58,49,58,0,Belagavi,15.8497,74.4977,"15.8497,74.4977"
288,122,266,74,41,97,21,74,0,Mysuru,12.2958,76.6394,"12.2958,76.6394"
125,26,147,102,62,40,44,66,0,Kalaburagi,17.3297,76.8343,"17.3297,76.8343"
58,113,210,95,37,49,30,36,0,Hubballi,15.3647,75.124,"15.3647,75.124"
123,107,86,89,63,57,59,84,0,Shivamogga,13.9299,75.5681,"13.9299,75.5681"
235,197,23,117,15,60,52,14,0,Ballari,15.1394,76.9214,"15.1394,76.9214"
285,97,162,127,72,52,26,80,0,Bengaluru,12.9716,77.5946,"12.9716,77.5946"
194,118,210,92,72,64,41,66,0,Shivamogga,13.9299,75.5681,"13.9299,75.5681"
279,172,40,24,26,97,50,24,0,Shivamogga,13.9299,75.5681,"13.9299,75.5681"
56,79,246,140,70,58,15,85,0,Hubballi,15.3647,75.124,"15.3647,75.124"
223,167,136,148,48,99,97,39,0,Tumakuru,13.3409,77.101,"13.3409,77.101"
190,83,161,39,10,89,36,29,0,Mysuru,12.2958,76.6394,"12.2958,76.6394"
217,72,58,66,46,66,29,46,0,Tumakuru,13.3409,77.101,"13.3409,77.101"
219,165,271,137,29,86,34,12,0,Mangaluru,12.9141,74.856,"12.9141,74.856"
186,69,226,57,61,24,75,82,0,Belagavi,15.8497,74.4977,"15.8497,74.4977"
227,88,229,145,59,36,18,50,0,Hubballi,15.3647,75.124,"15.3647,75.124"
76,46,134,31,20,77,62,48,0,Davanagere,14.4644,75.9218,"14.4644,75.9218"
171,31,244,15,18,89,70,35,0,Shivamogga,13.9299,75.5681,"13.9299,75.5681"
243,157,153,113,43,73,47,11,0,Mangaluru,12.9141,74.856,"12.9141,74.856"
54,105,270,45,32,39,12,32,0,Davanagere,14.4644,75.9218,"14.4644,75.9218"
78,77,238,88,55,45,93,32,0,Tumakuru,13.3409,77.101,"13.3409,77.101"
214,26,110,125,53,76,79,25,0,Hubballi,15.3647,75.124,"15.3647,75.124"
215,21,65,66,13,95,64,18,0,Bengaluru,12.9716,77.5946,"12.9716,77.5946"
132,159,57,58,62,95,10,22,0,Hubballi,15.3647,75.124,"15.3647,75.124"
185,154,161,91,49,58,79,37,0,Tumakuru,13.3409,77.101,"13.3409,77.101"
289,147,119,75,26,85,54,36,0,Belagavi,15.8497,74.4977,"15.8497,74.4977"
158,127,209,86,36,64,56,60,0,Mangaluru,12.9141,74.856,"12.9141,74.856"
114,31,54,54,73,94,88,73,0,Belagavi,15.8497,74.4977,"15.8497,74.4977"
135,129,166,88,73,65,35,61,0,Mysuru,12.2958,76.6394,"12.2958,76.6394"
293,59,49,29,46,77,23,47,0,Hubballi,15.3647,75.124,"15.3647,75.124"
194,23,103,132,57,53,63,74,0,Mysuru,12.2958,76.6394,"12.2958,76.6394"
120,184,289,76,63,40,80,27,0,Ballari,15.1394,76.9214,"15.1394,76.9214"
266,38,173,92,78,67,55,72,0,Hubballi,15.3647,75.124,"15.3647,75.124"
94,173,121,12,43,96,40,60,0,Shivamogga,13.9299,75.5681,"13.9299,75.5681"
181,189,234,73,19,62,97,18,0,Belagavi,15.8497,74.4977,"15.8497,74.4977"
85,134,169,49,75,93,68,22,0,Tumakuru,13.3409,77.101,"13.3409,77.101"
119,16,102,68,33,88,38,49,0,Davanagere,14.4644,75.9218,"14.4644,75.9218"
208,38,129,71,7,32,26,64,0,Belagavi,15.8497,74.4977,"15.8497,74.4977"
68,148,294,141,14,37,23,88,0,Tumakuru,13.3409,77.101,"13.3409,77.101"
238,42,220,69,33,25,45,52,0,Shivamogga,13.9299,75.5681,"13.9299,75.5681"
157,143,192,125,39,46,67,53,0,Belagavi,15.8497,74.4977,"15.8497,74.4977"
231,120,225,84,10,30,33,77,0,Tumakuru,13.3409,77.101,"13.3409,77.101"
216,88,82,131,16,88,72,42,0,Hubballi,15.3647,75.124,"15.3647,75.124"
140,169,92,116,42,26,34,33,0,Tumakuru,13.3409,77.101,"13.3409,77.101"
251,188,270,105,23,46,68,45,0,Hubballi,15.3647,75.124,"15.3647,75.124"
139,67,143,100,71,86,41,19,0,Hubballi,15.3647,75.124,"15.3647,75.124"
68,35,140,139,12,28,91,29,0,Tumakuru,13.3409,77.101,"13.3409,77.101"
88,183,294,71,12,39,27,84,0,Belagavi,15.8497,74.4977,"15.8497,74.4977"
175,38,139,58,51,54,46,21,0,Davanagere,14.4644,75.9218,"14.4644,75.9218"
244,13,183,146,8,27,35,71,0,Davanagere,14.4644,75.9218,"14.4644,75.9218"
222,108,284,101,55,87,18,27,0,Kalaburagi,17.3297,76.8343,"17.3297,76.8343"
190,150,180,133,71,71,73,72,0,Kalaburagi,17.3297,76.8343,"17.3297,76.8343"
291,48,108,70,49,45,81,34,0,Mysuru,12.2958,76.6394,"12.2958,76.6394"
269,24,161,57,12,93,29,21,0,Ballari,15.1394,76.9214,"15.1394,76.9214"
175,128,222,145,20,61,63,30,0,Tumakuru,13.3409,77.101,"13.3409,77.101"
107,38,246,67,71,28,95,34,1,Tumakuru,13.3409,77.101,"13.3409,77.101"
197,166,241,110,13,53,92,20,0,Mysuru,12.2958,76.6394,"12.2958,76.6394"
269,84,60,121,64,16,39,73,0,Bengaluru,12.9716,77.5946,"12.9716,77.5946"
249,125,215,71,75,53,62,82,0,Ballari,15.1394,76.9214,"15.1394,76.9214"
110,41,87,48,19,77,72,59,0,Mysuru,12.2958,76.6394,"12.2958,76.6394"
176,139,283,67,75,43,20,71,0,Ballari,15.1394,76.9214,"15.1394,76.9214"
154,184,21,108,45,75,40,58,0,Shivamogga,13.9299,75.5681,"13.9299,75.5681"
216,93,144,53,26,78,58,23,0,Hubballi,15.3647,75.124,"15.3647,75.124"
50,31,129,38,28,64,96,10,0,Mangaluru,12.9141,74.856,"12.9141,74.856"
180,36,105,68,48,19,28,34,0,Hubballi,15.3647,75.124,"15.3647,75.124"
254,90,139,80,5,51,21,68,0,Davanagere,14.4644,75.9218,"14.4644,75.9218"
141,135,146,101,14,50,24,81,0,Tumakuru,13.3409,77.101,"13.3409,77.101"
239,193,274,18,76,86,40,78,0,Hubballi,15.3647,75.124,"15.3647,75.124"
298,101,202,136,60,78,52,14,0,Mangaluru,12.9141,74.856,"12.9141,74.856"
240,30,35,143,54,19,46,28,0,Bengaluru,12.9716,77.5946,"12.9716,77.5946"
162,56,81,140,16,19,88,32,0,Shivamogga,13.9299,75.5681,"13.9299,75.5681"
202,110,177,30,64,69,38,18,0,Bengaluru,12.9716,77.5946,"12.9716,77.5946"
105,196,287,73,30,60,35,59,0,Mysuru,12.2958,76.6394,"12.2958,76.6394"
210,93,54,99,45,30,11,25,0,Hubballi,15.3647,75.124,"15.3647,75.124"
215,15,286,45,40,17,93,42,0,Mangaluru,12.9141,74.856,"12.9141,74.856"
166,156,83,71,27,74,24,11,0,Hubballi,15.3647,75.124,"15.3647,75.124"
183,194,69,85,47,87,13,23,0,Ballari,15.1394,76.9214,"15.1394,76.9214"
107,140,274,22,10,94,95,10,0,Kalaburagi,17.3297,76.8343,"17.3297,76.8343"
93,10,168,20,73,39,59,67,1,Kalaburagi,17.3297,76.8343,"17.3297,76.8343"
222,67,295,63,47,94,47,25,0,Mangaluru,12.9141,74.856,"12.9141,74.856"
209,133,191,25,29,58,32,88,0,Mangaluru,12.9141,74.856,"12.9141,74.856"
222,175,220,17,22,18,68,56,0,Tumakuru,13.3409,77.101,"13.3409,77.101"
110,24,54,113,66,26,99,53,1,Davanagere,14.4644,75.9218,"14.4644,75.9218"
96,171,235,68,17,78,84,89,0,Davanagere,14.4644,75.9218,"14.4644,75.9218"
198,198,84,66,47,67,37,23,0,Hubballi,15.3647,75.124,"15.3647,75.124"
129,172,27,49,32,66,75,33,0,Bengaluru,12.9716,77.5946,"12.9716,77.5946"
167,73,95,139,22,71,17,64,0,Mangaluru,12.9141,74.856,"12.9141,74.856"
262,34,193,103,63,61,38,24,0,Shivamogga,13.9299,75.5681,"13.9299,75.5681"
252,33,66,147,64,70,20,81,0,Hubballi,15.3647,75.124,"15.3647,75.124"
278,21,34,53,67,49,27,43,0,Tumakuru,13.3409,77.101,"13.3409,77.101"
213,27,166,148,61,47,64,11,0,Ballari,15.1394,76.9214,"15.1394,76.9214"
276,24,45,89,55,52,59,36,0,Mangaluru,12.9141,74.856,"12.9141,74.856"
196,36,112,90,60,72,23,83,0,Davanagere,14.4644,75.9218,"14.4644,75.9218"
69,81,251,11,31,28,83,81,0,Shivamogga,13.9299,75.5681,"13.9299,75.5681"
234,69,40,149,36,59,18,32,0,Hubballi,15.3647,75.124,"15.3647,75.124"
195,183,57,124,13,42,20,77,0,Kalaburagi,17.3297,76.8343,"17.3297,76.8343"
96,154,295,99,72,22,72,23,0,Davanagere,14.4644,75.9218,"14.4644,75.9218"
282,102,176,32,50,87,85,72,0,Kalaburagi,17.3297,76.8343,"17.3297,76.8343"
98,62,198,71,71,71,76,74,0,Shivamogga,13.9299,75.5681,"13.9299,75.5681"
63,17,151,122,30,52,62,77,0,Belagavi,15.8497,74.4977,"15.8497,74.4977"
192,88,47,137,12,58,48,72,0,Hubballi,15.3647,75.124,"15.3647,75.124"
208,36,279,71,10,45,87,73,0,Shivamogga,13.9299,75.5681,"13.9299,75.5681"
50,183,95,47,28,19,65,41,0,Davanagere,14.4644,75.9218,"14.4644,75.9218"
166,59,86,70,52,15,37,88,0,Belagavi,15.8497,74.4977,"15.8497,74.4977"
103,140,213,138,49,66,84,22,0,Shivamogga,13.9299,75.5681,"13.9299,75.5681"
167,102,181,131,17,10,48,75,0,Bengaluru,12.9716,77.5946,"12.9716,77.5946"
52,181,276,119,73,80,34,28,0,Belagavi,15.8497,74.4977,"15.8497,74.4977"
193,190,91,22,29,67,30,33,0,Davanagere,14.4644,75.9218,"14.4644,75.9218"
264,33,106,109,24,30,19,20,0,Ballari,15.1394,76.9214,"15.1394,76.9214"
234,69,281,144,70,89,52,68,0,Bengaluru,12.9716,77.5946,"12.9716,77.5946"
252,131,233,31,78,65,24,24,0,Shivamogga,13.9299,75.5681,"13.9299,75.5681"
61,140,172,83,49,96,92,19,0,Tumakuru,13.3409,77.101,"13.3409,77.101"
123,157,229,141,51,29,57,50,0,Davanagere,14.4644,75.9218,"14.4644,75.9218"
273,55,80,32,67,63,95,36,0,Bengaluru,12.9716,77.5946,"12.9716,77.5946"
65,24,287,128,59,34,30,69,1,Belagavi,15.8497,74.4977,"15.8497,74.4977"
249,162,281,79,79,37,69,82,0,Mangaluru,12.9141,74.856,"12.9141,74.856"
151,26,237,93,23,14,59,61,0,Mysuru,12.2958,76.6394,"12.2958,76.6394"
253,135,155,110,39,30,32,37,0,Tumakuru,13.3409,77.101,"13.3409,77.101"
201,93,112,93,57,27,22,74,0,Mangaluru,12.9141,74.856,"12.9141,74.856"
205,18,128,37,30,56,78,26,0,Shivamogga,13.9299,75.5681,"13.9299,75.5681"
166,175,260,145,18,79,13,53,0,Mangaluru,12.9141,74.856,"12.9141,74.856"
57,185,161,10,49,66,87,19,0,Shivamogga,13.9299,75.5681,"13.9299,75.5681"
171,197,256,72,48,28,81,72,0,Mysuru,12.2958,76.6394,"12.2958,76.6394"
141,72,196,31,69,74,18,56,0,Davanagere,14.4644,75.9218,"14.4644,75.9218"
213,126,160,79,55,12,44,47,0,Shivamogga,13.9299,75.5681,"13.9299,75.5681"
139,139,208,134,47,51,30,79,0,Mysuru,12.2958,76.6394,"12.2958,76.6394"
185,97,68,105,27,30,67,85,0,Ballari,15.1394,76.9214,"15.1394,76.9214"
235,81,209,88,60,49,27,62,0,Ballari,15.1394,76.9214,"15.1394,76.9214"
109,148,155,14,23,76,81,87,0,Shivamogga,13.9299,75.5681,"13.9299,75.5681"
227,73,62,69,59,34,90,53,0,Tumakuru,13.3409,77.101,"13.3409,77.101"
77,81,109,129,64,64,52,83,0,Bengaluru,12.9716,77.5946,"12.9716,77.5946"
269,30,264,55,63,93,15,63,0,Davanagere,14.4644,75.9218,"14.4644,75.9218"
150,27,211,143,37,61,95,29,0,Ballari,15.1394,76.9214,"15.1394,76.9214"
90,73,125,65,23,53,87,88,0,Ballari,15.1394,76.9214,"15.1394,76.9214"
277,91,252,119,32,94,76,40,0,Mangaluru,12.9141,74.856,"12.9141,74.856"
241,119,284,113,56,65,21,16,0,Mangaluru,12.9141,74.856,"12.9141,74.856"
204,104,56,86,53,64,21,67,0,Belagavi,15.8497,74.4977,"15.8497,74.4977"
295,175,60,11,41,96,75,19,0,Bengaluru,12.9716,77.5946,"12.9716,77.5946"
240,41,36,17,30,79,11,19,0,Tumakuru,13.3409,77.101,"13.3409,77.101"
194,20,296,84,44,86,24,48,0,Shivamogga,13.9299,75.5681,"13.9299,75.5681"
250,54,78,134,42,96,32,37,0,Tumakuru,13.3409,77.101,"13.3409,77.101"
210,42,202,47,58,82,38,39,0,Kalaburagi,17.3297,76.8343,"17.3297,76.8343"
294,111,60,36,26,90,90,46,0,Ballari,15.1394,76.9214,"15.1394,76.9214"
261,178,58,29,20,75,16,76,0,Ballari,15.1394,76.9214,"15.1394,76.9214"
254,145,211,149,32,28,37,52,0,Kalaburagi,17.3297,76.8343,"17.3297,76.8343"
269,20,286,52,39,92,23,88,0,Hubballi,15.3647,75.124,"15.3647,75.124"
289,188,166,40,64,16,53,61,0,Kalaburagi,17.3297,76.8343,"17.3297,76.8343"
206,97,146,100,49,72,39,65,0,Belagavi,15.8497,74.4977,"15.8497,74.4977"
190,50,65,70,50,51,90,85,0,Mangaluru,12.9141,74.856,"12.9141,74.856"
95,154,64,118,76,51,41,77,0,Tumakuru,13.3409,77.101,"13.3409,77.101"
84,85,20,100,59,68,79,18,0,Bengaluru,12.9716,77.5946,"12.9716,77.5946"
183,130,187,104,30,29,97,32,0,Hubballi,15.3647,75.124,"15.3647,75.124"
131,55,127,22,29,82,15,72,0,Bengaluru,12.9716,77.5946,"12.9716,77.5946"
164,169,38,122,69,26,36,70,0,Davanagere,14.4644,75.9218,"14.4644,75.9218"
246,89,91,44,10,36,91,49,0,Mangaluru,12.9141,74.856,"12.9141,74.856"
96,63,128,57,27,56,97,53,0,Hubballi,15.3647,75.124,"15.3647,75.124"
202,95,287,44,68,11,33,33,0,Tumakuru,13.3409,77.101,"13.3409,77.101"
243,101,259,95,47,72,43,60,0,Mangaluru,12.9141,74.856,"12.9141,74.856"
59,157,109,123,27,71,49,67,0,Tumakuru,13.3409,77.101,"13.3409,77.101"
105,170,122,109,34,28,56,42,0,Mangaluru,12.9141,74.856,"12.9141,74.856"
79,177,269,108,22,26,88,25,0,Mangaluru,12.9141,74.856,"12.9141,74.856"
291,169,27,12,25,78,84,31,0,Shivamogga,13.9299,75.5681,"13.9299,75.5681"
158,106,172,94,61,48,95,66,0,Belagavi,15.8497,74.4977,"15.8497,74.4977"
54,11,193,134,27,91,33,71,0,Mysuru,12.2958,76.6394,"12.2958,76.6394"
168,42,177,147,49,80,74,80,0,Bengaluru,12.9716,77.5946,"12.9716,77.5946"
297,167,234,92,48,90,27,81,0,Hubballi,15.3647,75.124,"15.3647,75.124"
82,170,196,34,51,48,53,79,0,Davanagere,14.4644,75.9218,"14.4644,75.9218"
167,86,194,77,44,45,85,39,0,Mysuru,12.2958,76.6394,"12.2958,76.6394"
114,125,165,70,55,49,66,32,0,Hubballi,15.3647,75.124,"15.3647,75.124"
195,163,180,38,46,54,37,41,0,Davanagere,14.4644,75.9218,"14.4644,75.9218"
273,159,146,136,11,13,80,66,0,Belagavi,15.8497,74.4977,"15.8497,74.4977"
288,112,101,28,54,34,32,18,0,Kalaburagi,17.3297,76.8343,"17.3297,76.8343"
226,175,166,83,52,78,94,40,0,Hubballi,15.3647,75.124,"15.3647,75.124"
60,112,258,70,10,39,43,80,0,Hubballi,15.3647,75.124,"15.3647,75.124"
134,99,103,29,13,85,20,18,0,Mysuru,12.2958,76.6394,"12.2958,76.6394"
75,183,132,57,61,77,95,22,0,Bengaluru,12.9716,77.5946,"12.9716,77.5946"
112,131,244,96,35,97,44,67,0,Bengaluru,12.9716,77.5946,"12.9716,77.5946"
266,152,262,148,25,38,51,12,0,Tumakuru,13.3409,77.101,"13.3409,77.101"
135,115,162,119,44,82,37,44,0,Bengaluru,12.9716,77.5946,"12.9716,77.5946"
108,128,60,37,49,77,91,30,0,Belagavi,15.8497,74.4977,"15.8497,74.4977"
76,181,277,68,53,60,87,73,0,Hubballi,15.3647,75.124,"15.3647,75.124"
226,58,124,142,24,33,91,61,0,Mangaluru,12.9141,74.856,"12.9141,74.856"
254,113,221,60,21,23,33,43,0,Kalaburagi,17.3297,76.8343,"17.3297,76.8343"
210,70,285,21,32,78,17,44,0,Shivamogga,13.9299,75.5681,"13.9299,75.5681"
147,132,229,59,45,27,62,24,0,Kalaburagi,17.3297,76.8343,"17.3297,76.8343"
154,143,70,141,70,51,81,15,0,Belagavi,15.8497,74.4977,"15.8497,74.4977"
148,18,137,122,29,66,13,41,0,Mangaluru,12.9141,74.856,"12.9141,74.856"
178,15,220,23,62,92,14,61,0,Ballari,15.1394,76.9214,"15.1394,76.9214"
198,82,58,41,45,21,58,37,0,Mangaluru,12.9141,74.856,"12.9141,74.856"
289,112,47,148,10,91,39,73,0,Kalaburagi,17.3297,76.8343,"17.3297,76.8343"
104,169,278,64,79,26,81,88,0,Davanagere,14.4644,75.9218,"14.4644,75.9218"
55,50,103,129,42,39,72,87,1,Shivamogga,13.9299,75.5681,"13.9299,75.5681"
269,123,174,84,10,97,56,28,0,Belagavi,15.8497,74.4977,"15.8497,74.4977"
258,17,136,30,49,84,35,24,0,Shivamogga,13.9299,75.5681,"13.9299,75.5681"
246,81,21,142,79,32,66,15,0,Belagavi,15.8497,74.4977,"15.8497,74.4977"
144,187,112,96,18,90,46,82,0,Kalaburagi,17.3297,76.8343,"17.3297,76.8343"
182,101,185,68,70,10,16,47,0,Shivamogga,13.9299,75.5681,"13.9299,75.5681"
151,71,277,98,44,88,49,35,0,Shivamogga,13.9299,75.5681,"13.9299,75.5681"
52,93,100,92,7,41,48,60,0,Belagavi,15.8497,74.4977,"15.8497,74.4977"
230,71,287,74,28,18,71,82,0,Mangaluru,12.9141,74.856,"12.9141,74.856"
72,120,254,73,23,24,87,62,0,Mangaluru,12.9141,74.856,"12.9141,74.856"
278,136,232,80,22,37,62,65,0,Bengaluru,12.9716,77.5946,"12.9716,77.5946"
102,16,81,13,68,33,13,68,1,Belagavi,15.8497,74.4977,"15.8497,74.4977"
214,93,68,113,39,69,91,79,0,Mangaluru,12.9141,74.856,"12.9141,74.856"
251,141,146,102,66,44,34,87,0,Shivamogga,13.9299,75.5681,"13.9299,75.5681"
251,143,242,121,5,95,16,67,0,Hubballi,15.3647,75.124,"15.3647,75.124"
132,67,298,128,29,36,37,22,0,Shivamogga,13.9299,75.5681,"13.9299,75.5681"
194,31,296,68,49,92,78,52,0,Kalaburagi,17.3297,76.8343,"17.3297,76.8343"
134,163,126,52,53,85,76,85,0,Hubballi,15.3647,75.124,"15.3647,75.124"
127,136,165,21,20,29,29,60,0,Ballari,15.1394,76.9214,"15.1394,76.9214"
250,12,118,49,23,74,92,28,0,Belagavi,15.8497,74.4977,"15.8497,74.4977"
159,136,92,127,27,94,20,30,0,Mysuru,12.2958,76.6394,"12.2958,76.6394"
50,50,141,29,29,58,76,33,0,Shivamogga,13.9299,75.5681,"13.9299,75.5681"
100,197,49,140,20,10,96,35,0,Hubballi,15.3647,75.124,"15.3647,75.124"
222,115,207,99,58,19,16,54,0,Bengaluru,12.9716,77.5946,"12.9716,77.5946"
254,23,214,103,77,56,32,37,0,Bengaluru,12.9716,77.5946,"12.9716,77.5946"
53,21,175,22,5,68,70,38,0,Hubballi,15.3647,75.124,"15.3647,75.124"
239,96,191,75,46,71,80,26,0,Belagavi,15.8497,74.4977,"15.8497,74.4977"
242,21,60,46,23,95,43,77,0,Tumakuru,13.3409,77.101,"13.3409,77.101"
162,150,82,75,38,27,28,53,0,Davanagere,14.4644,75.9218,"14.4644,75.9218"
281,34,42,45,59,55,67,70,0,Mangaluru,12.9141,74.856,"12.9141,74.856"
81,54,94,35,22,41,18,77,0,Mangaluru,12.9141,74.856,"12.9141,74.856"
83,131,67,84,38,36,57,83,0,Davanagere,14.4644,75.9218,"14.4644,75.9218"
141,156,179,117,49,27,91,34,0,Hubballi,15.3647,75.124,"15.3647,75.124"
144,64,137,52,10,48,50,76,0,Shivamogga,13.9299,75.5681,"13.9299,75.5681"
121,109,119,17,25,58,57,11,0,Tumakuru,13.3409,77.101,"13.3409,77.101"
88,182,186,38,74,91,54,58,0,Hubballi,15.3647,75.124,"15.3647,75.124"
203,145,175,49,52,53,34,79,0,Belagavi,15.8497,74.4977,"15.8497,74.4977"
299,128,26,137,43,81,87,35,0,Tumakuru,13.3409,77.101,"13.3409,77.101"
211,62,215,93,35,63,34,81,0,Ballari,15.1394,76.9214,"15.1394,76.9214"
231,192,75,125,14,43,28,36,0,Kalaburagi,17.3297,76.8343,"17.3297,76.8343"
167,41,212,71,34,80,48,27,0,Ballari,15.1394,76.9214,"15.1394,76.9214"
52,60,66,16,22,45,88,63,0,Mysuru,12.2958,76.6394,"12.2958,76.6394"
172,53,167,54,64,27,89,10,0,Davanagere,14.4644,75.9218,"14.4644,75.9218"
99,91,294,97,77,47,36,70,0,Hubballi,15.3647,75.124,"15.3647,75.124"
61,155,176,82,19,68,83,12,0,Shivamogga,13.9299,75.5681,"13.9299,75.5681"
242,159,221,46,8,18,72,77,0,Belagavi,15.8497,74.4977,"15.8497,74.4977"
103,46,145,128,67,82,77,50,0,Davanagere,14.4644,75.9218,"14.4644,75.9218"
285,105,83,66,44,81,28,46,0,Belagavi,15.8497,74.4977,"15.8497,74.4977"
182,65,195,17,13,60,37,60,0,Mangaluru,12.9141,74.856,"12.9141,74.856"
271,114,135,104,13,44,94,24,0,Belagavi,15.8497,74.4977,"15.8497,74.4977"
271,68,223,126,30,91,87,17,0,Tumakuru,13.3409,77.101,"13.3409,77.101"
106,140,50,119,8,14,42,47,0,Shivamogga,13.9299,75.5681,"13.9299,75.5681"
194,165,132,29,20,23,19,65,0,Mangaluru,12.9141,74.856,"12.9141,74.856"
161,44,86,133,19,39,92,56,0,Mangaluru,12.9141,74.856,"12.9141,74.856"
96,198,94,62,56,13,39,19,0,Belagavi,15.8497,74.4977,"15.8497,74.4977"
200,102,64,128,73,48,31,87,0,Mysuru,12.2958,76.6394,"12.2958,76.6394"
256,191,279,21,9,93,12,58,0,Belagavi,15.8497,74.4977,"15.8497,74.4977"
278,106,173,26,24,73,91,50,0,Belagavi,15.8497,74.4977,"15.8497,74.4977"
134,144,174,73,22,34,84,39,0,Belagavi,15.8497,74.4977,"15.8497,74.4977"
191,85,253,51,6,37,57,14,0,Shivamogga,13.9299,75.5681,"13.9299,75.5681"
115,58,70,103,17,85,11,80,0,Davanagere,14.4644,75.9218,"14.4644,75.9218"
124,103,281,20,8,75,85,40,0,Tumakuru,13.3409,77.101,"13.3409,77.101"
228,168,144,107,46,87,63,61,0,Bengaluru,12.9716,77.5946,"12.9716,77.5946"
152,195,264,80,78,31,15,32,0,Davanagere,14.4644,75.9218,"14.4644,75.9218"
215,198,49,117,65,40,49,57,0,Shivamogga,13.9299,75.5681,"13.9299,75.5681"
241,33,141,67,12,32,11,49,0,Shivamogga,13.9299,75.5681,"13.9299,75.5681"
275,157,144,43,71,57,82,15,0,Bengaluru,12.9716,77.5946,"12.9716,77.5946"
87,46,56,29,67,29,11,47,1,Shivamogga,13.9299,75.5681,"13.9299,75.5681"
99,13,189,59,13,47,83,50,0,Belagavi,15.8497,74.4977,"15.8497,74.4977"
147,117,143,111,15,64,64,36,0,Bengaluru,12.9716,77.5946,"12.9716,77.5946"
131,135,54,147,46,77,81,84,0,Tumakuru,13.3409,77.101,"13.3409,77.101"
79,29,106,61,17,88,69,78,0,Ballari,15.1394,76.9214,"15.1394,76.9214"
128,197,153,24,40,97,15,66,0,Hubballi,15.3647,75.124,"15.3647,75.124"
140,161,215,93,17,98,28,26,0,Mangaluru,12.9141,74.856,"12.9141,74.856"
228,59,293,140,16,10,36,80,0,Davanagere,14.4644,75.9218,"14.4644,75.9218"
240,186,220,46,41,16,10,56,0,Bengaluru,12.9716,77.5946,"12.9716,77.5946"
275,188,96,135,78,66,42,88,0,Mysuru,12.2958,76.6394,"12.2958,76.6394"
101,105,78,49,77,21,49,22,0,Davanagere,14.4644,75.9218,"14.4644,75.9218"
298,114,145,81,56,14,41,20,0,Tumakuru,13.3409,77.101,"13.3409,77.101"
215,173,128,49,75,59,78,33,0,Davanagere,14.4644,75.9218,"14.4644,75.9218"
274,126,243,65,6,51,26,82,0,Tumakuru,13.3409,77.101,"13.3409,77.101"
265,107,297,113,60,21,17,13,0,Bengaluru,12.9716,77.5946,"12.9716,77.5946"
128,75,87,148,64,27,66,55,0,Tumakuru,13.3409,77.101,"13.3409,77.101"
79,88,88,119,27,75,51,27,0,Kalaburagi,17.3297,76.8343,"17.3297,76.8343"
296,171,184,145,44,83,18,52,0,Mysuru,12.2958,76.6394,"12.2958,76.6394"
155,173,181,102,68,88,96,89,0,Bengaluru,12.9716,77.5946,"12.9716,77.5946"
100,15,61,103,27,26,44,42,0,Mysuru,12.2958,76.6394,"12.2958,76.6394"
130,48,128,65,33,77,80,19,0,Belagavi,15.8497,74.4977,"15.8497,74.4977"
182,179,70,69,55,80,88,82,0,Tumakuru,13.3409,77.101,"13.3409,77.101"
78,124,269,147,73,71,62,68,0,Kalaburagi,17.3297,76.8343,"17.3297,76.8343"
181,195,40,48,35,50,63,40,0,Ballari,15.1394,76.9214,"15.1394,76.9214"
187,134,158,37,54,43,93,37,0,Bengaluru,12.9716,77.5946,"12.9716,77.5946"
233,21,111,58,24,79,34,69,0,Belagavi,15.8497,74.4977,"15.8497,74.4977"
194,140,299,134,59,54,76,12,0,Mysuru,12.2958,76.6394,"12.2958,76.6394"
123,27,144,22,6,67,71,64,0,Shivamogga,13.9299,75.5681,"13.9299,75.5681"
66,49,130,45,29,60,64,23,0,Mysuru,12.2958,76.6394,"12.2958,76.6394"
133,30,158,110,17,43,55,67,0,Kalaburagi,17.3297,76.8343,"17.3297,76.8343"
265,152,292,35,74,53,33,24,0,Mangaluru,12.9141,74.856,"12.9141,74.856"
118,108,118,95,71,24,55,11,0,Belagavi,15.8497,74.4977,"15.8497,74.4977"
83,35,271,13,62,87,31,33,0,Hubballi,15.3647,75.124,"15.3647,75.124"
55,17,123,91,79,79,20,87,0,Belagavi,15.8497,74.4977,"15.8497,74.4977"
102,109,233,136,68,59,57,73,0,Tumakuru,13.3409,77.101,"13.3409,77.101"
243,96,268,97,73,41,17,80,0,Bengaluru,12.9716,77.5946,"12.9716,77.5946"
254,51,171,136,63,76,48,33,0,Kalaburagi,17.3297,76.8343,"17.3297,76.8343"
175,181,269,129,64,12,44,36,0,Tumakuru,13.3409,77.101,"13.3409,77.101"
284,23,294,31,66,95,58,46,0,Bengaluru,12.9716,77.5946,"12.9716,77.5946"
92,87,184,139,20,95,55,48,0,Tumakuru,13.3409,77.101,"13.3409,77.101"
289,11,27,40,72,83,47,72,0,Shivamogga,13.9299,75.5681,"13.9299,75.5681"
252,128,24,128,19,60,17,88,0,Hubballi,15.3647,75.124,"15.3647,75.124"
164,46,164,20,59,76,63,35,0,Ballari,15.1394,76.9214,"15.1394,76.9214"
160,78,120,55,39,85,46,74,0,Mysuru,12.2958,76.6394,"12.2958,76.6394"
298,175,183,105,59,57,49,13,0,Hubballi,15.3647,75.124,"15.3647,75.124"
200,50,166,19,18,26,43,38,0,Mysuru,12.2958,76.6394,"12.2958,76.6394"
232,71,83,137,53,16,88,10,0,Shivamogga,13.9299,75.5681,"13.9299,75.5681"
129,69,110,108,11,22,26,59,0,Shivamogga,13.9299,75.5681,"13.9299,75.5681"
144,134,136,121,34,75,42,20,0,Bengaluru,12.9716,77.5946,"12.9716,77.5946"
252,120,286,69,53,13,56,83,0,Tumakuru,13.3409,77.101,"13.3409,77.101"
167,23,192,96,20,19,61,68,0,Hubballi,15.3647,75.124,"15.3647,75.124"
193,93,66,74,55,97,89,71,0,Shivamogga,13.9299,75.5681,"13.9299,75.5681"
57,139,159,66,76,26,18,45,0,Shivamogga,13.9299,75.5681,"13.9299,75.5681"
181,79,265,115,46,61,42,65,0,Mangaluru,12.9141,74.856,"12.9141,74.856"
153,154,168,18,21,15,69,30,0,Davanagere,14.4644,75.9218,"14.4644,75.9218"
181,132,265,31,67,92,86,22,0,Tumakuru,13.3409,77.101,"13.3409,77.101"
233,98,24,98,49,78,30,18,0,Kalaburagi,17.3297,76.8343,"17.3297,76.8343"
74,37,203,27,11,83,67,20,0,Belagavi,15.8497,74.4977,"15.8497,74.4977"
244,75,39,124,31,18,94,84,0,Davanagere,14.4644,75.9218,"14.4644,75.9218"
145,172,65,115,14,86,78,79,0,Bengaluru,12.9716,77.5946,"12.9716,77.5946"
244,14,31,24,38,92,19,10,0,Mysuru,12.2958,76.6394,"12.2958,76.6394"
204,177,89,72,40,30,15,79,0,Bengaluru,12.9716,77.5946,"12.9716,77.5946"
142,193,36,22,29,33,22,86,0,Tumakuru,13.3409,77.101,"13.3409,77.101"
209,173,166,90,10,13,74,65,0,Hubballi,15.3647,75.124,"15.3647,75.124"
227,54,173,41,28,33,29,40,0,Mangaluru,12.9141,74.856,"12.9141,74.856"
110,160,127,146,22,68,66,46,0,Davanagere,14.4644,75.9218,"14.4644,75.9218"
171,56,255,49,10,12,55,56,0,Bengaluru,12.9716,77.5946,"12.9716,77.5946"
100,40,89,91,33,77,17,87,0,Mangaluru,12.9141,74.856,"12.9141,74.856"
196,148,202,86,29,49,19,56,0,Shivamogga,13.9299,75.5681,"13.9299,75.5681"
70,19,269,85,59,57,82,78,1,Mysuru,12.2958,76.6394,"12.2958,76.6394"
54,127,247,47,50,63,76,67,0,Ballari,15.1394,76.9214,"15.1394,76.9214"
259,23,121,80,28,44,20,45,0,Tumakuru,13.3409,77.101,"13.3409,77.101"
141,89,94,57,79,65,21,41,0,Kalaburagi,17.3297,76.8343,"17.3297,76.8343"
219,102,235,27,30,98,19,73,0,Shivamogga,13.9299,75.5681,"13.9299,75.5681"
110,19,222,48,32,49,34,80,1,Mangaluru,12.9141,74.856,"12.9141,74.856"
71,85,211,98,7,86,58,51,0,Davanagere,14.4644,75.9218,"14.4644,75.9218"
198,103,268,71,79,77,58,57,0,Shivamogga,13.9299,75.5681,"13.9299,75.5681"
119,114,261,118,42,55,98,83,0,Bengaluru,12.9716,77.5946,"12.9716,77.5946"
50,10,198,90,65,87,20,39,0,Kalaburagi,17.3297,76.8343,"17.3297,76.8343"
182,142,238,143,55,22,71,30,0,Ballari,15.1394,76.9214,"15.1394,76.9214"
282,29,101,86,52,36,45,69,0,Bengaluru,12.9716,77.5946,"12.9716,77.5946"
61,17,111,99,25,15,48,22,0,Kalaburagi,17.3297,76.8343,"17.3297,76.8343"
139,180,194,23,58,26,62,10,0,Belagavi,15.8497,74.4977,"15.8497,74.4977"
95,10,258,104,60,45,99,74,1,Davanagere,14.4644,75.9218,"14.4644,75.9218"
83,66,279,63,63,90,87,42,0,Kalaburagi,17.3297,76.8343,"17.3297,76.8343"
226,73,182,141,76,11,65,47,0,Ballari,15.1394,76.9214,"15.1394,76.9214"
127,127,67,48,55,86,10,34,0,Ballari,15.1394,76.9214,"15.1394,76.9214"
267,37,135,81,24,61,65,35,0,Hubballi,15.3647,75.124,"15.3647,75.124"
94,130,244,34,63,75,13,86,0,Kalaburagi,17.3297,76.8343,"17.3297,76.8343"
204,116,166,86,75,61,39,68,0,Bengaluru,12.9716,77.5946,"12.9716,77.5946"
122,174,82,129,13,52,21,42,0,Bengaluru,12.9716,77.5946,"12.9716,77.5946"
75,184,32,62,5,99,44,50,0,Mysuru,12.2958,76.6394,"12.2958,76.6394"
298,174,208,140,33,31,86,39,0,Davanagere,14.4644,75.9218,"14.4644,75.9218"
96,58,227,105,67,64,61,66,0,Hubballi,15.3647,75.124,"15.3647,75.124"
170,129,133,81,76,76,40,58,0,Bengaluru,12.9716,77.5946,"12.9716,77.5946"
263,53,41,71,60,69,96,57,0,Tumakuru,13.3409,77.101,"13.3409,77.101"
288,65,233,15,72,67,77,81,0,Tumakuru,13.3409,77.101,"13.3409,77.101"
105,165,190,41,39,21,61,58,0,Mangaluru,12.9141,74.856,"12.9141,74.856"
143,120,73,108,7,97,89,56,0,Kalaburagi,17.3297,76.8343,"17.3297,76.8343"
156,143,145,147,11,78,16,65,0,Ballari,15.1394,76.9214,"15.1394,76.9214"
112,117,296,140,31,93,31,74,0,Davanagere,14.4644,75.9218,"14.4644,75.9218"
97,198,223,85,5,48,84,21,0,Tumakuru,13.3409,77.101,"13.3409,77.101"
110,157,213,68,75,22,65,78,0,Belagavi,15.8497,74.4977,"15.8497,74.4977"
130,123,188,40,48,50,67,15,0,Bengaluru,12.9716,77.5946,"12.9716,77.5946"
75,87,171,102,45,66,73,74,0,Tumakuru,13.3409,77.101,"13.3409,77.101"
85,139,54,78,79,62,21,34,0,Kalaburagi,17.3297,76.8343,"17.3297,76.8343"
50,46,203,61,46,21,16,10,1,Shivamogga,13.9299,75.5681,"13.9299,75.5681"
57,29,76,98,37,22,64,41,1,Belagavi,15.8497,74.4977,"15.8497,74.4977"
162,35,241,136,54,83,71,12,0,Mangaluru,12.9141,74.856,"12.9141,74.856"
148,38,182,40,67,66,99,58,0,Belagavi,15.8497,74.4977,"15.8497,74.4977"
229,10,38,93,41,49,82,28,0,Tumakuru,13.3409,77.101,"13.3409,77.101"
256,128,283,136,63,89,86,69,0,Belagavi,15.8497,74.4977,"15.8497,74.4977"
